play_id,game_id,timestamp,player_id,action_type,shot_type,distance_ft,is_made,player_name,team_name,points_scored,shot_quality_category,clutch_shot_flag,_kafka_key,_kafka_partition,_kafka_offset
P0007,0042500317,2026-06-01T03:43:29Z,PL_1641705,Made Shot,2PT,12.0,True,Wembanyama,SAS,2,Paint,False,0042500317,0,1
P0013,0042500317,2026-06-01T03:43:49Z,PL_1630170,Made Shot,2PT,14.0,True,Vassell,SAS,2,Paint,False,0042500317,0,5
P0014,0042500317,2026-06-01T03:43:54Z,PL_1631096,Made Shot,2PT,12.0,True,Holmgren,OKC,2,Paint,False,0042500317,0,6
P0016,0042500317,2026-06-01T03:43:59Z,PL_1642264,Made Shot,2PT,1.0,True,Castle,SAS,2,Restricted Area,False,0042500317,0,7
P0018,0042500317,2026-06-01T03:44:04Z,PL_1628983,Made Shot,2PT,19.0,True,Gilgeous-Alexander,OKC,2,Mid-Range,False,0042500317,0,8
P0019,0042500317,2026-06-01T03:44:09Z,PL_1642264,Made Shot,2PT,1.0,True,Castle,SAS,2,Restricted Area,False,0042500317,0,9
P0021,0042500317,2026-06-01T03:44:14Z,PL_1631096,Missed Shot,2PT,8.0,False,Holmgren,OKC,0,Paint,False,0042500317,0,10
P0023,0042500317,2026-06-01T03:44:24Z,PL_1629652,Missed Shot,3PT,25.0,False,Dort,OKC,0,NBA Deep 3,False,0042500317,0,12
P0026,0042500317,2026-06-01T03:44:34Z,PL_1641705,Made Shot,2PT,2.0,True,Wembanyama,SAS,2,Restricted Area,False,0042500317,0,14
P0028,0042500317,2026-06-01T03:44:39Z,PL_1629652,Missed Shot,3PT,26.0,False,Dort,OKC,0,NBA Deep 3,False,0042500317,0,15
P0030,0042500317,2026-06-01T03:44:49Z,PL_1630170,Missed Shot,3PT,0.0,False,Vassell,SAS,0,Restricted Area,False,0042500317,0,17
P0039,0042500317,2026-06-01T03:45:19Z,PL_1642264,Missed Shot,2PT,13.0,False,Castle,SAS,0,Paint,False,0042500317,0,23
P0041,0042500317,2026-06-01T03:45:29Z,PL_1628392,Made Shot,2PT,9.0,True,Hartenstein,OKC,2,Paint,False,0042500317,0,25
P0043,0042500317,2026-06-01T03:45:34Z,PL_1628368,Made Shot,3PT,25.0,True,Fox,SAS,3,NBA Deep 3,False,0042500317,0,26
P0047,0042500317,2026-06-01T03:45:49Z,PL_1630170,Missed Shot,3PT,26.0,False,Vassell,SAS,0,NBA Deep 3,False,0042500317,0,29
P0049,0042500317,2026-06-01T03:45:59Z,PL_1628983,Made Shot,2PT,5.0,True,Gilgeous-Alexander,OKC,2,Paint,False,0042500317,0,31
P0050,0042500317,2026-06-01T03:46:04Z,PL_1630577,Made Shot,3PT,28.0,True,Champagnie,SAS,3,NBA Deep 3,False,0042500317,0,32
P0054,0042500317,2026-06-01T03:46:19Z,PL_1630170,Missed Shot,2PT,2.0,False,Vassell,SAS,0,Restricted Area,False,0042500317,0,35
P0056,0042500317,2026-06-01T03:46:29Z,PL_1642264,Made Shot,2PT,0.0,True,Castle,SAS,2,Restricted Area,False,0042500317,0,37
P0064,0042500317,2026-06-01T03:46:54Z,PL_1641717,Missed Shot,3PT,27.0,False,Wallace,OKC,0,NBA Deep 3,False,0042500317,0,42
P0066,0042500317,2026-06-01T03:47:04Z,PL_1642272,Missed Shot,3PT,25.0,False,McCain,OKC,0,NBA Deep 3,False,0042500317,0,44
P0068,0042500317,2026-06-01T03:47:14Z,PL_1641717,Made Shot,3PT,0.0,True,Wallace,OKC,3,Restricted Area,False,0042500317,0,46
P0070,0042500317,2026-06-01T03:47:19Z,PL_1630170,Made Shot,3PT,26.0,True,Vassell,SAS,3,NBA Deep 3,False,0042500317,0,47
P0072,0042500317,2026-06-01T03:47:24Z,PL_1627936,Made Shot,2PT,1.0,True,Caruso,OKC,2,Restricted Area,False,0042500317,0,48
P0073,0042500317,2026-06-01T03:47:29Z,PL_1642264,Made Shot,2PT,3.0,True,Castle,SAS,2,Restricted Area,False,0042500317,0,49
P0076,0042500317,2026-06-01T03:47:39Z,PL_1642264,Free Throw,FT,0.0,True,Castle,SAS,1,Restricted Area,False,0042500317,0,51
P0079,0042500317,2026-06-01T03:47:54Z,PL_1630577,Made Shot,3PT,24.0,True,Champagnie,SAS,3,NBA Deep 3,False,0042500317,0,54
P0081,0042500317,2026-06-01T03:47:59Z,PL_1642272,Made Shot,2PT,4.0,True,McCain,OKC,2,Paint,False,0042500317,0,55
P0082,0042500317,2026-06-01T03:48:04Z,PL_1642264,Missed Shot,3PT,25.0,False,Castle,SAS,0,NBA Deep 3,False,0042500317,0,56
P0084,0042500317,2026-06-01T03:48:14Z,PL_1642272,Made Shot,3PT,0.0,True,McCain,OKC,3,Restricted Area,False,0042500317,0,58
P0096,0042500317,2026-06-01T03:48:44Z,PL_1642264,Missed Shot,2PT,4.0,False,Castle,SAS,0,Paint,False,0042500317,0,64
P0104,0042500317,2026-06-01T03:49:19Z,PL_1628983,Free Throw,FT,0.0,True,Gilgeous-Alexander,OKC,1,Restricted Area,False,0042500317,0,71
P0107,0042500317,2026-06-01T03:49:29Z,PL_1628983,Free Throw,FT,0.0,True,Gilgeous-Alexander,OKC,1,Restricted Area,False,0042500317,0,73
P0108,0042500317,2026-06-01T03:49:34Z,PL_1641705,Missed Shot,2PT,22.0,False,Wembanyama,SAS,0,Mid-Range,False,0042500317,0,74
P0110,0042500317,2026-06-01T03:49:44Z,PL_1628983,Missed Shot,3PT,25.0,False,Gilgeous-Alexander,OKC,0,NBA Deep 3,False,0042500317,0,76
P0112,0042500317,2026-06-01T03:49:54Z,PL_1631119,Missed Shot,3PT,25.0,False,Williams,OKC,0,NBA Deep 3,False,0042500317,0,78
P0114,0042500317,2026-06-01T03:50:04Z,PL_1630170,Missed Shot,2PT,10.0,False,Vassell,SAS,0,Paint,False,0042500317,0,80
P0116,0042500317,2026-06-01T03:50:14Z,PL_1642272,Missed Shot,3PT,25.0,False,McCain,OKC,0,NBA Deep 3,False,0042500317,0,82
P0122,0042500317,2026-06-01T03:50:34Z,PL_1629026,Missed Shot,3PT,26.0,False,Williams,OKC,0,NBA Deep 3,False,0042500317,0,86
P0124,0042500317,2026-06-01T03:50:44Z,PL_1642844,Made Shot,2PT,3.0,True,Harper,SAS,2,Restricted Area,False,0042500317,0,88
P0125,0042500317,2026-06-01T03:50:49Z,PL_1628983,Missed Shot,2PT,8.0,False,Gilgeous-Alexander,OKC,0,Paint,False,0042500317,0,89
P0129,0042500317,2026-06-01T03:51:04Z,PL_1630170,Free Throw,FT,0.0,True,Vassell,SAS,1,Restricted Area,False,0042500317,0,92
P0132,0042500317,2026-06-01T03:51:14Z,PL_1630170,Free Throw,FT,0.0,True,Vassell,SAS,1,Restricted Area,False,0042500317,0,94
P0133,0042500317,2026-06-01T03:51:19Z,PL_1627936,Missed Shot,3PT,24.0,False,Caruso,OKC,0,NBA Deep 3,False,0042500317,0,95
P0142,0042500317,2026-06-01T03:51:49Z,PL_1627936,Missed Shot,3PT,25.0,False,Caruso,OKC,0,NBA Deep 3,False,0042500317,0,101
P0144,0042500317,2026-06-01T03:51:59Z,PL_1629026,Made Shot,2PT,0.0,True,Williams,OKC,2,Restricted Area,False,0042500317,0,103
P0153,0042500317,2026-06-01T03:52:34Z,PL_1641705,Free Throw,FT,0.0,True,Wembanyama,SAS,1,Restricted Area,False,0042500317,0,110
P0154,0042500317,2026-06-01T03:52:39Z,PL_1642272,Missed Shot,2PT,2.0,False,McCain,OKC,0,Restricted Area,False,0042500317,0,111
P0158,0042500317,2026-06-01T03:52:54Z,PL_1642272,Made Shot,3PT,26.0,True,McCain,OKC,3,NBA Deep 3,False,0042500317,0,114
P0160,0042500317,2026-06-01T03:52:59Z,PL_1628368,Missed Shot,3PT,0.0,False,Fox,SAS,0,Restricted Area,False,0042500317,0,115
P0170,0042500317,2026-06-01T03:53:29Z,PL_1628983,Made Shot,2PT,13.0,True,Gilgeous-Alexander,OKC,2,Paint,False,0042500317,0,118
P0172,0042500317,2026-06-01T03:53:34Z,PL_1642844,Made Shot,3PT,27.0,True,Harper,SAS,3,NBA Deep 3,False,0042500317,0,119
P0174,0042500317,2026-06-01T03:53:39Z,PL_1627936,Missed Shot,3PT,25.0,False,Caruso,OKC,0,NBA Deep 3,False,0042500317,0,120
P0180,0042500317,2026-06-01T03:53:59Z,PL_1642264,Missed Shot,3PT,26.0,False,Castle,SAS,0,NBA Deep 3,False,0042500317,0,124
P0182,0042500317,2026-06-01T03:54:09Z,PL_1642272,Missed Shot,2PT,11.0,False,McCain,OKC,0,Paint,False,0042500317,0,126
P0186,0042500317,2026-06-01T03:54:24Z,PL_1628392,Made Shot,2PT,5.0,True,Hartenstein,OKC,2,Paint,False,0042500317,0,129
P0188,0042500317,2026-06-01T03:54:29Z,PL_203084,Missed Shot,3PT,0.0,False,Barnes,SAS,0,Restricted Area,False,0042500317,0,130
P0197,0042500317,2026-06-01T03:54:54Z,PL_1642272,Made Shot,2PT,12.0,True,McCain,OKC,2,Paint,False,0042500317,0,135
P0198,0042500317,2026-06-01T03:54:59Z,PL_1628368,Made Shot,2PT,4.0,True,Fox,SAS,2,Paint,False,0042500317,0,136
P0199,0042500317,2026-06-01T03:55:04Z,PL_1628392,Missed Shot,2PT,12.0,False,Hartenstein,OKC,0,Paint,False,0042500317,0,137
P0201,0042500317,2026-06-01T03:55:14Z,PL_1641705,Made Shot,3PT,27.0,True,Wembanyama,SAS,3,NBA Deep 3,False,0042500317,0,139
P0208,0042500317,2026-06-01T03:55:34Z,PL_1627936,Missed Shot,2PT,4.0,False,Caruso,OKC,0,Paint,False,0042500317,0,143
P0210,0042500317,2026-06-01T03:55:44Z,PL_1631119,Made Shot,2PT,1.0,True,Williams,OKC,2,Restricted Area,False,0042500317,0,145
P0211,0042500317,2026-06-01T03:55:49Z,PL_1628368,Missed Shot,3PT,27.0,False,Fox,SAS,0,NBA Deep 3,False,0042500317,0,146
P0213,0042500317,2026-06-01T03:55:59Z,PL_1641717,Missed Shot,3PT,27.0,False,Wallace,OKC,0,NBA Deep 3,False,0042500317,0,148
P0220,0042500317,2026-06-01T03:56:19Z,PL_1642844,Missed Shot,2PT,2.0,False,Harper,SAS,0,Restricted Area,False,0042500317,0,152
P0223,0042500317,2026-06-01T03:56:34Z,PL_1627936,Missed Shot,2PT,2.0,False,Caruso,OKC,0,Restricted Area,False,0042500317,0,155
P0225,0042500317,2026-06-01T03:56:44Z,PL_1642868,Made Shot,2PT,2.0,True,Bryant,SAS,2,Restricted Area,False,0042500317,0,157
P0229,0042500317,2026-06-01T03:56:54Z,PL_1628983,Free Throw,FT,0.0,False,Gilgeous-Alexander,OKC,0,Restricted Area,False,0042500317,0,159
P0235,0042500317,2026-06-01T03:57:14Z,PL_1628983,Free Throw,FT,0.0,False,Gilgeous-Alexander,OKC,0,Restricted Area,False,0042500317,0,163
P0239,0042500317,2026-06-01T03:57:29Z,PL_1628436,Free Throw,FT,0.0,True,Kornet,SAS,1,Restricted Area,False,0042500317,0,166
P0240,0042500317,2026-06-01T03:57:34Z,PL_1628436,Free Throw,FT,0.0,True,Kornet,SAS,1,Restricted Area,False,0042500317,0,167
P0241,0042500317,2026-06-01T03:57:39Z,PL_1628983,Made Shot,3PT,25.0,True,Gilgeous-Alexander,OKC,3,NBA Deep 3,False,0042500317,0,168
P0248,0042500317,2026-06-01T03:57:59Z,PL_1641705,Missed Shot,2PT,3.0,False,Wembanyama,SAS,0,Restricted Area,False,0042500317,0,172
P0250,0042500317,2026-06-01T03:58:09Z,PL_1631119,Missed Shot,2PT,13.0,False,Williams,OKC,0,Paint,False,0042500317,0,174
P0254,0042500317,2026-06-01T03:58:19Z,PL_1628983,Missed Shot,2PT,15.0,False,Gilgeous-Alexander,OKC,0,Mid-Range,False,0042500317,0,176
P0256,0042500317,2026-06-01T03:58:29Z,PL_1628983,Made Shot,2PT,1.0,True,Gilgeous-Alexander,OKC,2,Restricted Area,False,0042500317,0,178
P0258,0042500317,2026-06-01T03:58:34Z,PL_1630577,Missed Shot,3PT,28.0,False,Champagnie,SAS,0,NBA Deep 3,False,0042500317,0,179
P0263,0042500317,2026-06-01T03:58:49Z,PL_1631096,Free Throw,FT,0.0,False,Holmgren,OKC,0,Restricted Area,False,0042500317,0,182
P0267,0042500317,2026-06-01T03:59:04Z,PL_1631096,Free Throw,FT,0.0,False,Holmgren,OKC,0,Restricted Area,False,0042500317,0,185
P0273,0042500317,2026-06-01T03:59:24Z,PL_1642264,Missed Shot,2PT,2.0,False,Castle,SAS,0,Restricted Area,False,0042500317,0,189
P0276,0042500317,2026-06-01T03:59:34Z,PL_1628983,Made Shot,2PT,18.0,True,Gilgeous-Alexander,OKC,2,Mid-Range,False,0042500317,0,191
P0277,0042500317,2026-06-01T03:59:39Z,PL_1630170,Missed Shot,2PT,1.0,False,Vassell,SAS,0,Restricted Area,False,0042500317,0,192
P0279,0042500317,2026-06-01T03:59:49Z,PL_1642264,Made Shot,2PT,2.0,True,Castle,SAS,2,Restricted Area,False,0042500317,0,194
P0280,0042500317,2026-06-01T03:59:54Z,PL_1631119,Made Shot,2PT,6.0,True,Williams,OKC,2,Paint,False,0042500317,0,195
P0282,0042500317,2026-06-01T03:59:59Z,PL_1641705,Missed Shot,2PT,8.0,False,Wembanyama,SAS,0,Paint,False,0042500317,0,196
P0284,0042500317,2026-06-01T04:00:09Z,PL_1641705,Missed Shot,3PT,28.0,False,Wembanyama,SAS,0,NBA Deep 3,False,0042500317,0,198
P0286,0042500317,2026-06-01T04:00:19Z,PL_1628983,Made Shot,2PT,15.0,True,Gilgeous-Alexander,OKC,2,Mid-Range,False,0042500317,0,200
P0288,0042500317,2026-06-01T04:00:24Z,PL_1641705,Missed Shot,2PT,9.0,False,Wembanyama,SAS,0,Paint,False,0042500317,0,201
P0297,0042500317,2026-06-01T04:00:59Z,PL_1642264,Free Throw,FT,0.0,True,Castle,SAS,1,Restricted Area,False,0042500317,0,208
P0300,0042500317,2026-06-01T04:01:09Z,PL_1642264,Free Throw,FT,0.0,False,Castle,SAS,0,Restricted Area,False,0042500317,0,210
P0302,0042500317,2026-06-01T04:01:19Z,PL_1628983,Made Shot,2PT,17.0,True,Gilgeous-Alexander,OKC,2,Mid-Range,False,0042500317,0,212
P0304,0042500317,2026-06-01T04:01:24Z,PL_1628368,Made Shot,2PT,14.0,True,Fox,SAS,2,Paint,False,0042500317,0,213
P0305,0042500317,2026-06-01T04:01:29Z,PL_1629652,Missed Shot,2PT,12.0,False,Dort,OKC,0,Paint,False,0042500317,0,214
P0307,0042500317,2026-06-01T04:01:39Z,PL_1629652,Made Shot,3PT,25.0,True,Dort,OKC,3,NBA Deep 3,False,0042500317,0,216
P0309,0042500317,2026-06-01T04:01:44Z,PL_1629640,Missed Shot,3PT,24.0,False,Johnson,SAS,0,NBA Deep 3,False,0042500317,0,217
P0311,0042500317,2026-06-01T04:01:54Z,PL_1631119,Made Shot,2PT,15.0,True,Williams,OKC,2,Mid-Range,False,0042500317,0,219
P0317,0042500317,2026-06-01T04:02:14Z,PL_1631096,Free Throw,FT,0.0,True,Holmgren,OKC,1,Restricted Area,False,0042500317,0,223
P0318,0042500317,2026-06-01T04:02:19Z,PL_1631096,Free Throw,FT,0.0,True,Holmgren,OKC,1,Restricted Area,False,0042500317,0,224
P0321,0042500317,2026-06-01T04:02:24Z,PL_1628368,Made Shot,3PT,26.0,True,Fox,SAS,3,NBA Deep 3,False,0042500317,0,225
P0325,0042500317,2026-06-01T04:02:39Z,PL_1642264,Missed Shot,2PT,2.0,False,Castle,SAS,0,Restricted Area,False,0042500317,0,228
P0328,0042500317,2026-06-01T04:02:54Z,PL_1629640,Made Shot,2PT,2.0,True,Johnson,SAS,2,Restricted Area,False,0042500317,0,231
P0329,0042500317,2026-06-01T04:02:59Z,PL_1627936,Missed Shot,2PT,8.0,False,Caruso,OKC,0,Paint,False,0042500317,0,232
P0331,0042500317,2026-06-01T04:03:09Z,PL_1641705,Made Shot,2PT,13.0,True,Wembanyama,SAS,2,Paint,False,0042500317,0,234
P0333,0042500317,2026-06-01T04:03:14Z,PL_1627936,Missed Shot,3PT,26.0,False,Caruso,OKC,0,NBA Deep 3,False,0042500317,0,235
P0341,0042500317,2026-06-01T04:03:34Z,PL_1631119,Missed Shot,3PT,0.0,False,Williams,OKC,0,Restricted Area,False,0042500317,0,237
P0343,0042500317,2026-06-01T04:03:44Z,PL_1628368,Missed Shot,3PT,0.0,False,Fox,SAS,0,Restricted Area,False,0042500317,0,239
P0345,0042500317,2026-06-01T04:03:54Z,PL_1627936,Missed Shot,2PT,6.0,False,Caruso,OKC,0,Paint,False,0042500317,0,241
P0348,0042500317,2026-06-01T04:04:04Z,PL_1630170,Made Shot,2PT,9.0,True,Vassell,SAS,2,Paint,False,0042500317,0,243
P0350,0042500317,2026-06-01T04:04:09Z,PL_1631119,Made Shot,2PT,6.0,True,Williams,OKC,2,Paint,False,0042500317,0,244
P0352,0042500317,2026-06-01T04:04:14Z,PL_1641705,Made Shot,2PT,1.0,True,Wembanyama,SAS,2,Restricted Area,False,0042500317,0,245
P0354,0042500317,2026-06-01T04:04:19Z,PL_1628983,Missed Shot,2PT,1.0,False,Gilgeous-Alexander,OKC,0,Restricted Area,False,0042500317,0,246
P0358,0042500317,2026-06-01T04:04:34Z,PL_1628983,Made Shot,3PT,27.0,True,Gilgeous-Alexander,OKC,3,NBA Deep 3,False,0042500317,0,249
P0359,0042500317,2026-06-01T04:04:39Z,PL_1641705,Missed Shot,2PT,2.0,False,Wembanyama,SAS,0,Restricted Area,False,0042500317,0,250
P0362,0042500317,2026-06-01T04:04:49Z,PL_1627936,Made Shot,3PT,26.0,True,Caruso,OKC,3,NBA Deep 3,False,0042500317,0,252
P0364,0042500317,2026-06-01T04:04:54Z,PL_1642264,Missed Shot,2PT,3.0,False,Castle,SAS,0,Restricted Area,False,0042500317,0,253
P0370,0042500317,2026-06-01T04:05:14Z,PL_1628983,Free Throw,FT,0.0,True,Gilgeous-Alexander,OKC,1,Restricted Area,False,0042500317,0,257
P0377,0042500317,2026-06-01T04:05:34Z,PL_1628983,Free Throw,FT,0.0,True,Gilgeous-Alexander,OKC,1,Restricted Area,False,0042500317,0,261
P0378,0042500317,2026-06-01T04:05:39Z,PL_1630577,Made Shot,3PT,0.0,True,Champagnie,SAS,3,Restricted Area,False,0042500317,0,262
P0387,0042500317,2026-06-01T04:06:14Z,PL_1628392,Missed Shot,2PT,14.0,False,Hartenstein,OKC,0,Paint,False,0042500317,0,269
P0391,0042500317,2026-06-01T04:06:29Z,PL_1630577,Free Throw,FT,0.0,True,Champagnie,SAS,1,Restricted Area,False,0042500317,0,272
P0392,0042500317,2026-06-01T04:06:34Z,PL_1630577,Free Throw,FT,0.0,False,Champagnie,SAS,0,Restricted Area,False,0042500317,0,273
P0394,0042500317,2026-06-01T04:06:44Z,PL_1630577,Free Throw,FT,0.0,True,Champagnie,SAS,1,Restricted Area,False,0042500317,0,275
P0404,0042500317,2026-06-01T04:07:14Z,PL_1630577,Made Shot,3PT,26.0,True,Champagnie,SAS,3,NBA Deep 3,False,0042500317,0,281
P0406,0042500317,2026-06-01T04:07:19Z,PL_1628983,Made Shot,2PT,13.0,True,Gilgeous-Alexander,OKC,2,Paint,False,0042500317,0,282
P0408,0042500317,2026-06-01T04:07:24Z,PL_1629640,Missed Shot,3PT,0.0,False,Johnson,SAS,0,Restricted Area,False,0042500317,0,283
P0410,0042500317,2026-06-01T04:07:34Z,PL_1642844,Made Shot,2PT,18.0,True,Harper,SAS,2,Mid-Range,False,0042500317,0,285
P0412,0042500317,2026-06-01T04:07:39Z,PL_1627936,Missed Shot,2PT,4.0,False,Caruso,OKC,0,Paint,False,0042500317,0,286
P0414,0042500317,2026-06-01T04:07:49Z,PL_1628392,Missed Shot,2PT,0.0,False,Hartenstein,OKC,0,Restricted Area,False,0042500317,0,288
P0416,0042500317,2026-06-01T04:07:59Z,PL_1630577,Made Shot,3PT,25.0,True,Champagnie,SAS,3,NBA Deep 3,False,0042500317,0,290
P0431,0042500317,2026-06-01T04:08:44Z,PL_1629026,Missed Shot,2PT,7.0,False,Williams,OKC,0,Paint,False,0042500317,0,299
P0433,0042500317,2026-06-01T04:08:54Z,PL_1641705,Made Shot,3PT,26.0,True,Wembanyama,SAS,3,NBA Deep 3,False,0042500317,0,301
P0435,0042500317,2026-06-01T04:08:59Z,PL_1628983,Missed Shot,2PT,8.0,False,Gilgeous-Alexander,OKC,0,Paint,False,0042500317,0,302
P0438,0042500317,2026-06-01T04:09:09Z,PL_1630577,Missed Shot,3PT,26.0,False,Champagnie,SAS,0,NBA Deep 3,False,0042500317,0,304
P0442,0042500317,2026-06-01T04:09:24Z,PL_1627936,Free Throw,FT,0.0,True,Caruso,OKC,1,Restricted Area,False,0042500317,0,307
P0455,0042500317,2026-06-01T04:09:59Z,PL_1627936,Free Throw,FT,0.0,True,Caruso,OKC,1,Restricted Area,False,0042500317,0,314
P0456,0042500317,2026-06-01T04:10:04Z,PL_1629640,Missed Shot,2PT,1.0,False,Johnson,SAS,0,Restricted Area,False,0042500317,0,315
P0473,0042500317,2026-06-01T04:10:14Z,PL_1628436,Missed Shot,2PT,1.0,False,Kornet,SAS,0,Restricted Area,False,0042500317,0,317
P0459,0042500317,2026-06-01T04:10:29Z,PL_1628368,Missed Shot,2PT,4.0,False,Fox,SAS,0,Paint,False,0042500317,0,320
P0461,0042500317,2026-06-01T04:10:39Z,PL_1628436,Missed Shot,2PT,0.0,False,Kornet,SAS,0,Restricted Area,False,0042500317,0,322
P0485,0042500317,2026-06-01T04:10:49Z,PL_1628436,Missed Shot,2PT,1.0,False,Kornet,SAS,0,Restricted Area,False,0042500317,0,324
P0465,0042500317,2026-06-01T04:11:04Z,PL_1630170,Missed Shot,3PT,27.0,False,Vassell,SAS,0,NBA Deep 3,False,0042500317,0,327
P0469,0042500317,2026-06-01T04:11:19Z,PL_1629640,Free Throw,FT,0.0,False,Johnson,SAS,0,Restricted Area,False,0042500317,0,330
P0475,0042500317,2026-06-01T04:11:34Z,PL_1629640,Free Throw,FT,0.0,True,Johnson,SAS,1,Restricted Area,False,0042500317,0,333
P0478,0042500317,2026-06-01T04:11:44Z,PL_1628983,Free Throw,FT,0.0,True,Gilgeous-Alexander,OKC,1,Restricted Area,False,0042500317,0,335
P0479,0042500317,2026-06-01T04:11:49Z,PL_1628983,Free Throw,FT,0.0,True,Gilgeous-Alexander,OKC,1,Restricted Area,False,0042500317,0,336
P0480,0042500317,2026-06-01T04:11:54Z,PL_1629640,Missed Shot,3PT,26.0,False,Johnson,SAS,0,NBA Deep 3,False,0042500317,0,337
P0484,0042500317,2026-06-01T04:12:09Z,PL_1628983,Free Throw,FT,0.0,True,Gilgeous-Alexander,OKC,1,Restricted Area,False,0042500317,0,340
P0487,0042500317,2026-06-01T04:12:14Z,PL_1628983,Free Throw,FT,0.0,True,Gilgeous-Alexander,OKC,1,Restricted Area,False,0042500317,0,341
P0488,0042500317,2026-06-01T04:12:19Z,PL_1628983,Free Throw,FT,0.0,True,Gilgeous-Alexander,OKC,1,Restricted Area,False,0042500317,0,342
P0489,0042500317,2026-06-01T04:12:24Z,PL_1630170,Missed Shot,2PT,18.0,False,Vassell,SAS,0,Mid-Range,False,0042500317,0,343
P0491,0042500317,2026-06-01T04:12:34Z,PL_1630170,Missed Shot,3PT,26.0,False,Vassell,SAS,0,NBA Deep 3,False,0042500317,0,345
P0493,0042500317,2026-06-01T04:12:44Z,PL_1641705,Missed Shot,3PT,25.0,False,Wembanyama,SAS,0,NBA Deep 3,False,0042500317,0,347
P0497,0042500317,2026-06-01T04:12:59Z,PL_1627936,Free Throw,FT,0.0,True,Caruso,OKC,1,Restricted Area,False,0042500317,0,350
P0502,0042500317,2026-06-01T04:13:14Z,PL_1627936,Free Throw,FT,0.0,True,Caruso,OKC,1,Restricted Area,False,0042500317,0,353
P0503,0042500317,2026-06-01T04:13:19Z,PL_1628368,Made Shot,2PT,3.0,True,Fox,SAS,2,Restricted Area,False,0042500317,0,354
P0504,0042500317,2026-06-01T04:13:24Z,PL_1628983,Missed Shot,2PT,17.0,False,Gilgeous-Alexander,OKC,0,Mid-Range,False,0042500317,0,355
P0510,0042500317,2026-06-01T04:13:34Z,PL_1628368,Missed Shot,2PT,1.0,False,Fox,SAS,0,Restricted Area,False,0042500317,0,357
P0519,0042500317,2026-06-01T04:14:14Z,PL_1628983,Missed Shot,2PT,3.0,False,Gilgeous-Alexander,OKC,0,Restricted Area,False,0042500317,0,365
P0521,0042500317,2026-06-01T04:14:24Z,PL_1642264,Missed Shot,3PT,0.0,False,Castle,SAS,0,Restricted Area,False,0042500317,0,367
P0523,0042500317,2026-06-01T04:14:34Z,PL_1631119,Made Shot,3PT,27.0,True,Williams,OKC,3,NBA Deep 3,False,0042500317,0,369
P0526,0042500317,2026-06-01T04:14:44Z,PL_1630170,Missed Shot,3PT,24.0,False,Vassell,SAS,0,NBA Deep 3,False,0042500317,0,371
P0530,0042500317,2026-06-01T04:14:59Z,PL_1641705,Free Throw,FT,0.0,True,Wembanyama,SAS,1,Restricted Area,False,0042500317,0,374
P0535,0042500317,2026-06-01T04:15:14Z,PL_1641705,Free Throw,FT,0.0,False,Wembanyama,SAS,0,Restricted Area,False,0042500317,0,377
P0537,0042500317,2026-06-01T04:15:24Z,PL_1641717,Missed Shot,3PT,26.0,False,Wallace,OKC,0,NBA Deep 3,False,0042500317,0,379
P0539,0042500317,2026-06-01T04:15:34Z,PL_1641705,Missed Shot,2PT,17.0,False,Wembanyama,SAS,0,Mid-Range,False,0042500317,0,381
P0553,0042500317,2026-06-01T04:16:09Z,PL_1641705,Free Throw,FT,0.0,False,Wembanyama,SAS,0,Restricted Area,True,0042500317,0,385
P0555,0042500317,2026-06-01T04:16:19Z,PL_1641705,Free Throw,FT,0.0,True,Wembanyama,SAS,1,Restricted Area,True,0042500317,0,387
P0556,0042500317,2026-06-01T04:16:24Z,PL_1642272,Made Shot,2PT,15.0,True,McCain,OKC,2,Mid-Range,True,0042500317,0,388
P0558,0042500317,2026-06-01T04:16:29Z,PL_1629640,Made Shot,3PT,25.0,True,Johnson,SAS,3,NBA Deep 3,True,0042500317,0,389
P0560,0042500317,2026-06-01T04:16:34Z,PL_1641717,Made Shot,3PT,24.0,True,Wallace,OKC,3,NBA Deep 3,True,0042500317,0,390
P0562,0042500317,2026-06-01T04:16:39Z,PL_1630577,Missed Shot,3PT,26.0,False,Champagnie,SAS,0,NBA Deep 3,True,0042500317,0,391
P0564,0042500317,2026-06-01T04:16:49Z,PL_1629640,Made Shot,3PT,0.0,True,Johnson,SAS,3,Restricted Area,True,0042500317,0,393
P0566,0042500317,2026-06-01T04:16:54Z,PL_1642272,Missed Shot,3PT,0.0,False,McCain,OKC,0,Restricted Area,True,0042500317,0,394
P0573,0042500317,2026-06-01T04:17:19Z,PL_1641705,Free Throw,FT,0.0,True,Wembanyama,SAS,1,Restricted Area,True,0042500317,0,399
P0574,0042500317,2026-06-01T04:17:24Z,PL_1641705,Free Throw,FT,0.0,True,Wembanyama,SAS,1,Restricted Area,True,0042500317,0,400
P0577,0042500317,2026-06-01T04:17:34Z,PL_1627936,Free Throw,FT,0.0,False,Caruso,OKC,0,Restricted Area,True,0042500317,0,402
P0579,0042500317,2026-06-01T04:17:44Z,PL_1627936,Free Throw,FT,0.0,True,Caruso,OKC,1,Restricted Area,True,0042500317,0,404
P0580,0042500317,2026-06-01T04:17:49Z,PL_1628368,Made Shot,3PT,25.0,True,Fox,SAS,3,NBA Deep 3,True,0042500317,0,405
P0581,0042500317,2026-06-01T04:17:54Z,PL_1641717,Made Shot,3PT,26.0,True,Wallace,OKC,3,NBA Deep 3,True,0042500317,0,406
P0583,0042500317,2026-06-01T04:17:59Z,PL_1641705,Made Shot,3PT,26.0,True,Wembanyama,SAS,3,NBA Deep 3,True,0042500317,0,407
P0584,0042500317,2026-06-01T04:18:04Z,PL_1628983,Missed Shot,3PT,26.0,False,Gilgeous-Alexander,OKC,0,NBA Deep 3,True,0042500317,0,408
P0586,0042500317,2026-06-01T04:18:14Z,PL_1642844,Missed Shot,3PT,24.0,False,Harper,SAS,0,NBA Deep 3,True,0042500317,0,410
P0588,0042500317,2026-06-01T04:18:24Z,PL_1627936,Missed Shot,2PT,3.0,False,Caruso,OKC,0,Restricted Area,True,0042500317,0,412
P0590,0042500317,2026-06-01T04:18:34Z,PL_1629640,Made Shot,2PT,2.0,True,Johnson,SAS,2,Restricted Area,True,0042500317,0,414
P0601,0042500317,2026-06-01T04:19:04Z,PL_1628392,Made Shot,2PT,2.0,True,Hartenstein,OKC,2,Restricted Area,True,0042500317,0,420
P0605,0042500317,2026-06-01T04:19:14Z,PL_1628392,Free Throw,FT,0.0,True,Hartenstein,OKC,1,Restricted Area,True,0042500317,0,422
P0606,0042500317,2026-06-01T04:19:19Z,PL_1628368,Missed Shot,3PT,25.0,False,Fox,SAS,0,NBA Deep 3,True,0042500317,0,423
P0608,0042500317,2026-06-01T04:19:29Z,PL_1642272,Missed Shot,3PT,0.0,False,McCain,OKC,0,Restricted Area,True,0042500317,0,425
P0610,0042500317,2026-06-01T04:19:39Z,PL_1630170,Missed Shot,2PT,13.0,False,Vassell,SAS,0,Paint,True,0042500317,0,427
P0612,0042500317,2026-06-01T04:19:49Z,PL_1628983,Made Shot,2PT,14.0,True,Gilgeous-Alexander,OKC,2,Paint,True,0042500317,0,429
P0622,0042500317,2026-06-01T04:20:24Z,PL_1628392,Missed Shot,2PT,2.0,False,Hartenstein,OKC,0,Restricted Area,True,0042500317,0,436
P0625,0042500317,2026-06-01T04:20:39Z,PL_1642264,Made Shot,2PT,15.0,True,Castle,SAS,2,Mid-Range,True,0042500317,0,439
P0629,0042500317,2026-06-01T04:20:54Z,PL_1630577,Made Shot,3PT,25.0,True,Champagnie,SAS,3,NBA Deep 3,True,0042500317,0,442
P0631,0042500317,2026-06-01T04:20:59Z,PL_1627936,Made Shot,2PT,7.0,True,Caruso,OKC,2,Paint,True,0042500317,0,443
P0635,0042500317,2026-06-01T04:21:14Z,PL_1642272,Missed Shot,3PT,0.0,False,McCain,OKC,0,Restricted Area,True,0042500317,0,446
P0637,0042500317,2026-06-01T04:21:24Z,PL_1630577,Missed Shot,3PT,25.0,False,Champagnie,SAS,0,NBA Deep 3,True,0042500317,0,448
P0639,0042500317,2026-06-01T04:21:34Z,PL_1642844,Made Shot,2PT,0.0,True,Harper,SAS,2,Restricted Area,True,0042500317,0,450
P0647,0042500317,2026-06-01T04:21:59Z,PL_1628983,Made Shot,2PT,21.0,True,Gilgeous-Alexander,OKC,2,Mid-Range,True,0042500317,0,455
P0651,0042500317,2026-06-01T04:22:14Z,PL_1642844,Made Shot,3PT,27.0,True,Harper,SAS,3,NBA Deep 3,True,0042500317,0,458
P0652,0042500317,2026-06-01T04:22:19Z,PL_1641717,Made Shot,3PT,0.0,True,Wallace,OKC,3,Restricted Area,True,0042500317,0,459
P0657,0042500317,2026-06-01T04:22:34Z,PL_1631119,Missed Shot,2PT,19.0,False,Williams,OKC,0,Mid-Range,True,0042500317,0,462
P0660,0042500317,2026-06-01T04:22:44Z,PL_1642844,Missed Shot,2PT,2.0,False,Harper,SAS,0,Restricted Area,True,0042500317,0,464
P0663,0042500317,2026-06-01T04:22:59Z,PL_1641717,Made Shot,3PT,26.0,True,Wallace,OKC,3,NBA Deep 3,True,0042500317,0,467
P0667,0042500317,2026-06-01T04:23:14Z,PL_1628983,Missed Shot,3PT,27.0,False,Gilgeous-Alexander,OKC,0,NBA Deep 3,True,0042500317,0,470
P0676,0042500317,2026-06-01T04:23:34Z,PL_1630577,Missed Shot,2PT,20.0,False,Champagnie,SAS,0,Mid-Range,True,0042500317,0,474
P0678,0042500317,2026-06-01T04:23:44Z,PL_1642264,Made Shot,2PT,2.0,True,Castle,SAS,2,Restricted Area,True,0042500317,0,476
P0679,0042500317,2026-06-01T04:23:49Z,PL_1641717,Made Shot,2PT,5.0,True,Wallace,OKC,2,Paint,True,0042500317,0,477
P0689,0042500317,2026-06-01T04:24:24Z,PL_1629026,Missed Shot,3PT,0.0,False,Williams,OKC,0,Restricted Area,True,0042500317,0,484
P0701,0042500317,2026-06-01T04:25:04Z,PL_1627936,Missed Shot,3PT,27.0,False,Caruso,OKC,0,NBA Deep 3,True,0042500317,0,492
P0704,0042500317,2026-06-01T04:25:14Z,PL_1641717,Missed Shot,3PT,29.0,False,Wallace,OKC,0,NBA Deep 3,True,0042500317,0,494
P0706,0042500317,2026-06-01T04:25:24Z,PL_1630170,Made Shot,2PT,1.0,True,Vassell,SAS,2,Restricted Area,True,0042500317,0,496
