play_id,game_id,timestamp,player_id,action_type,shot_type,distance_ft,is_made,quarter,time_remaining
P0004,0042500317,2026-06-01T03:26:10Z,PL_1631096,Jump Ball,2PT,0.0,False,1,PT12M00.00S
P0007,0042500317,2026-06-01T03:26:15Z,PL_1641705,Made Shot,2PT,12.0,False,1,PT11M39.00S
P0008,0042500317,2026-06-01T03:26:20Z,PL_1631096,Turnover,2PT,0.0,False,1,PT11M21.00S
P0008,0042500317,2026-06-01T03:26:25Z,PL_1630170,,2PT,0.0,False,1,PT11M21.00S
P0010,0042500317,2026-06-01T03:26:30Z,PL_1629652,Foul,2PT,0.0,False,1,PT11M17.00S
P0013,0042500317,2026-06-01T03:26:35Z,PL_1630170,Made Shot,2PT,14.0,False,1,PT10M59.00S
P0014,0042500317,2026-06-01T03:26:40Z,PL_1631096,Made Shot,2PT,12.0,False,1,PT10M41.00S
P0016,0042500317,2026-06-01T03:26:45Z,PL_1642264,Made Shot,2PT,1.0,False,1,PT10M33.00S
P0018,0042500317,2026-06-01T03:26:50Z,PL_1628983,Made Shot,2PT,19.0,False,1,PT10M12.00S
P0019,0042500317,2026-06-01T03:26:55Z,PL_1642264,Made Shot,2PT,1.0,False,1,PT09M55.00S
P0021,0042500317,2026-06-01T03:27:00Z,PL_1631096,Missed Shot,2PT,8.0,False,1,PT09M39.00S
P0022,0042500317,2026-06-01T03:27:05Z,PL_1641717,Rebound,2PT,0.0,False,1,PT09M36.00S
P0023,0042500317,2026-06-01T03:27:10Z,PL_1629652,Missed Shot,3PT,25.0,False,1,PT09M30.00S
P0024,0042500317,2026-06-01T03:27:15Z,PL_1610612759,Rebound,2PT,0.0,False,1,PT09M29.00S
P0026,0042500317,2026-06-01T03:27:20Z,PL_1641705,Made Shot,2PT,2.0,False,1,PT09M11.00S
P0028,0042500317,2026-06-01T03:27:25Z,PL_1629652,Missed Shot,3PT,26.0,False,1,PT08M52.00S
P0029,0042500317,2026-06-01T03:27:30Z,PL_1641705,Rebound,2PT,0.0,False,1,PT08M48.00S
P0030,0042500317,2026-06-01T03:27:35Z,PL_1630170,Missed Shot,3PT,0.0,False,1,PT08M42.00S
P0032,0042500317,2026-06-01T03:27:40Z,PL_1628983,Rebound,2PT,0.0,False,1,PT08M38.00S
P0033,0042500317,2026-06-01T03:27:45Z,PL_1628392,Turnover,2PT,0.0,False,1,PT08M26.00S
P0033,0042500317,2026-06-01T03:27:50Z,PL_1641705,,2PT,0.0,False,1,PT08M26.00S
P0035,0042500317,2026-06-01T03:27:55Z,PL_1641717,Foul,2PT,0.0,False,1,PT08M21.00S
P0037,0042500317,2026-06-01T03:28:00Z,PL_1629652,Substitution,2PT,0.0,False,1,PT08M21.00S
P0039,0042500317,2026-06-01T03:28:05Z,PL_1642264,Missed Shot,2PT,13.0,False,1,PT08M12.00S
P0040,0042500317,2026-06-01T03:28:10Z,PL_1628392,Rebound,2PT,0.0,False,1,PT08M10.00S
P0041,0042500317,2026-06-01T03:28:15Z,PL_1628392,Made Shot,2PT,9.0,False,1,PT07M57.00S
P0043,0042500317,2026-06-01T03:28:20Z,PL_1628368,Made Shot,3PT,25.0,False,1,PT07M36.00S
P0045,0042500317,2026-06-01T03:28:25Z,PL_1628983,Turnover,2PT,0.0,False,1,PT07M21.00S
P0045,0042500317,2026-06-01T03:28:30Z,PL_1628368,,2PT,0.0,False,1,PT07M21.00S
P0047,0042500317,2026-06-01T03:28:35Z,PL_1630170,Missed Shot,3PT,26.0,False,1,PT07M14.00S
P0048,0042500317,2026-06-01T03:28:40Z,PL_1628392,Rebound,2PT,0.0,False,1,PT07M09.00S
P0049,0042500317,2026-06-01T03:28:45Z,PL_1628983,Made Shot,2PT,5.0,False,1,PT06M56.00S
P0050,0042500317,2026-06-01T03:28:50Z,PL_1630577,Made Shot,3PT,28.0,False,1,PT06M51.00S
P0052,0042500317,2026-06-01T03:28:55Z,PL_1627936,Turnover,2PT,0.0,False,1,PT06M38.00S
P0052,0042500317,2026-06-01T03:29:00Z,PL_1628368,,2PT,0.0,False,1,PT06M38.00S
P0054,0042500317,2026-06-01T03:29:05Z,PL_1630170,Missed Shot,2PT,2.0,False,1,PT06M34.00S
P0055,0042500317,2026-06-01T03:29:10Z,PL_1642264,Rebound,2PT,0.0,False,1,PT06M33.00S
P0056,0042500317,2026-06-01T03:29:15Z,PL_1642264,Made Shot,2PT,0.0,False,1,PT06M33.00S
P0057,0042500317,2026-06-01T03:29:20Z,PL_1610612760,Timeout,2PT,0.0,False,1,PT06M33.00S
P0058,0042500317,2026-06-01T03:29:25Z,PL_1631096,Substitution,2PT,0.0,False,1,PT06M33.00S
P0059,0042500317,2026-06-01T03:29:30Z,PL_1641705,Substitution,2PT,0.0,False,1,PT06M33.00S
P0060,0042500317,2026-06-01T03:29:35Z,PL_1628368,Substitution,2PT,0.0,False,1,PT06M33.00S
P0064,0042500317,2026-06-01T03:29:40Z,PL_1641717,Missed Shot,3PT,27.0,False,1,PT06M20.00S
P0065,0042500317,2026-06-01T03:29:45Z,PL_1628392,Rebound,2PT,0.0,False,1,PT06M16.00S
P0066,0042500317,2026-06-01T03:29:50Z,PL_1642272,Missed Shot,3PT,25.0,False,1,PT06M14.00S
P0067,0042500317,2026-06-01T03:29:55Z,PL_1641717,Rebound,2PT,0.0,False,1,PT06M14.00S
P0068,0042500317,2026-06-01T03:30:00Z,PL_1641717,Made Shot,3PT,0.0,False,1,PT06M04.00S
P0070,0042500317,2026-06-01T03:30:05Z,PL_1630170,Made Shot,3PT,26.0,False,1,PT05M51.00S
P0072,0042500317,2026-06-01T03:30:10Z,PL_1627936,Made Shot,2PT,1.0,False,1,PT05M42.00S
P0073,0042500317,2026-06-01T03:30:15Z,PL_1642264,Made Shot,2PT,3.0,False,1,PT05M30.00S
P0074,0042500317,2026-06-01T03:30:20Z,PL_1628983,Foul,2PT,0.0,False,1,PT05M30.00S
P0076,0042500317,2026-06-01T03:30:25Z,PL_1642264,Free Throw,FT,0.0,False,1,PT05M30.00S
P0077,0042500317,2026-06-01T03:30:30Z,PL_1628392,Turnover,2PT,0.0,False,1,PT05M15.00S
P0077,0042500317,2026-06-01T03:30:35Z,PL_1630577,,2PT,0.0,False,1,PT05M15.00S
P0079,0042500317,2026-06-01T03:30:40Z,PL_1630577,Made Shot,3PT,24.0,False,1,PT05M07.00S
P0081,0042500317,2026-06-01T03:30:45Z,PL_1642272,Made Shot,2PT,4.0,False,1,PT04M48.00S
P0082,0042500317,2026-06-01T03:30:50Z,PL_1642264,Missed Shot,3PT,25.0,False,1,PT04M33.00S
P0083,0042500317,2026-06-01T03:30:55Z,PL_1627936,Rebound,2PT,0.0,False,1,PT04M30.00S
P0084,0042500317,2026-06-01T03:31:00Z,PL_1642272,Made Shot,3PT,0.0,False,1,PT04M25.00S
P0086,0042500317,2026-06-01T03:31:05Z,PL_1610612759,Timeout,2PT,0.0,False,1,PT04M24.00S
P0088,0042500317,2026-06-01T03:31:10Z,PL_1641717,Substitution,2PT,0.0,False,1,PT04M24.00S
P0089,0042500317,2026-06-01T03:31:15Z,PL_1628392,Substitution,2PT,0.0,False,1,PT04M24.00S
P0090,0042500317,2026-06-01T03:31:20Z,PL_1630577,Substitution,2PT,0.0,False,1,PT04M24.00S
P0091,0042500317,2026-06-01T03:31:25Z,PL_1628436,Substitution,2PT,0.0,False,1,PT04M24.00S
P0096,0042500317,2026-06-01T03:31:30Z,PL_1642264,Missed Shot,2PT,4.0,False,1,PT04M07.00S
P0097,0042500317,2026-06-01T03:31:35Z,PL_1631119,Rebound,2PT,0.0,False,1,PT04M05.00S
P0098,0042500317,2026-06-01T03:31:40Z,PL_1631096,Turnover,2PT,0.0,False,1,PT04M00.00S
P0098,0042500317,2026-06-01T03:31:45Z,PL_1629640,,2PT,0.0,False,1,PT04M00.00S
P0100,0042500317,2026-06-01T03:31:50Z,PL_1642264,Turnover,2PT,0.0,False,1,PT03M54.00S
P0100,0042500317,2026-06-01T03:31:55Z,PL_1642272,,2PT,0.0,False,1,PT03M54.00S
P0102,0042500317,2026-06-01T03:32:00Z,PL_1642844,Foul,2PT,0.0,False,1,PT03M49.00S
P0104,0042500317,2026-06-01T03:32:05Z,PL_1628983,Free Throw,FT,0.0,False,1,PT03M49.00S
P0105,0042500317,2026-06-01T03:32:10Z,PL_1642264,Substitution,2PT,0.0,False,1,PT03M49.00S
P0107,0042500317,2026-06-01T03:32:15Z,PL_1628983,Free Throw,FT,0.0,False,1,PT03M49.00S
P0108,0042500317,2026-06-01T03:32:20Z,PL_1641705,Missed Shot,2PT,22.0,False,1,PT03M26.00S
P0109,0042500317,2026-06-01T03:32:25Z,PL_1628983,Rebound,2PT,0.0,False,1,PT03M23.00S
P0110,0042500317,2026-06-01T03:32:30Z,PL_1628983,Missed Shot,3PT,25.0,False,1,PT03M07.00S
P0111,0042500317,2026-06-01T03:32:35Z,PL_1631119,Rebound,2PT,0.0,False,1,PT03M05.00S
P0112,0042500317,2026-06-01T03:32:40Z,PL_1631119,Missed Shot,3PT,25.0,False,1,PT02M56.00S
P0113,0042500317,2026-06-01T03:32:45Z,PL_1630170,Rebound,2PT,0.0,False,1,PT02M53.00S
P0114,0042500317,2026-06-01T03:32:50Z,PL_1630170,Missed Shot,2PT,10.0,False,1,PT02M42.00S
P0115,0042500317,2026-06-01T03:32:55Z,PL_1631119,Rebound,2PT,0.0,False,1,PT02M40.00S
P0116,0042500317,2026-06-01T03:33:00Z,PL_1642272,Missed Shot,3PT,25.0,False,1,PT02M34.00S
P0117,0042500317,2026-06-01T03:33:05Z,PL_1631096,Rebound,2PT,0.0,False,1,PT02M32.00S
P0118,0042500317,2026-06-01T03:33:10Z,PL_1629640,Foul,2PT,0.0,False,1,PT02M32.00S
P0120,0042500317,2026-06-01T03:33:15Z,PL_1631119,Substitution,2PT,0.0,False,1,PT02M32.00S
P0122,0042500317,2026-06-01T03:33:20Z,PL_1629026,Missed Shot,3PT,26.0,False,1,PT02M22.00S
P0123,0042500317,2026-06-01T03:33:25Z,PL_1641705,Rebound,2PT,0.0,False,1,PT02M18.00S
P0124,0042500317,2026-06-01T03:33:30Z,PL_1642844,Made Shot,2PT,3.0,False,1,PT02M07.00S
P0125,0042500317,2026-06-01T03:33:35Z,PL_1628983,Missed Shot,2PT,8.0,False,1,PT01M53.00S
P0126,0042500317,2026-06-01T03:33:40Z,PL_1630170,Rebound,2PT,0.0,False,1,PT01M51.00S
P0127,0042500317,2026-06-01T03:33:45Z,PL_1642272,Foul,2PT,0.0,False,1,PT01M49.00S
P0129,0042500317,2026-06-01T03:33:50Z,PL_1630170,Free Throw,FT,0.0,False,1,PT01M49.00S
P0130,0042500317,2026-06-01T03:33:55Z,PL_1642844,Substitution,2PT,0.0,False,1,PT01M49.00S
P0132,0042500317,2026-06-01T03:34:00Z,PL_1630170,Free Throw,FT,0.0,False,1,PT01M49.00S
P0133,0042500317,2026-06-01T03:34:05Z,PL_1627936,Missed Shot,3PT,24.0,False,1,PT01M25.00S
P0134,0042500317,2026-06-01T03:34:10Z,PL_1641705,Rebound,2PT,0.0,False,1,PT01M20.00S
P0135,0042500317,2026-06-01T03:34:15Z,PL_1630577,Turnover,2PT,0.0,False,1,PT01M12.00S
P0136,0042500317,2026-06-01T03:34:20Z,PL_1631096,Substitution,2PT,0.0,False,1,PT01M12.00S
P0137,0042500317,2026-06-01T03:34:25Z,PL_1629640,Substitution,2PT,0.0,False,1,PT01M12.00S
P0138,0042500317,2026-06-01T03:34:30Z,PL_1630170,Substitution,2PT,0.0,False,1,PT01M12.00S
P0142,0042500317,2026-06-01T03:34:35Z,PL_1627936,Missed Shot,3PT,25.0,False,1,PT00M53.80S
P0143,0042500317,2026-06-01T03:34:40Z,PL_1629026,Rebound,2PT,0.0,False,1,PT00M53.10S
P0144,0042500317,2026-06-01T03:34:45Z,PL_1629026,Made Shot,2PT,0.0,False,1,PT00M53.10S
P0145,0042500317,2026-06-01T03:34:50Z,PL_1641705,Foul,2PT,0.0,False,1,PT00M40.20S
P0150,0042500317,2026-06-01T03:34:55Z,PL_1641705,Turnover,2PT,0.0,False,1,PT00M40.20S
P0147,0042500317,2026-06-01T03:35:00Z,PL_1610612760,Timeout,2PT,0.0,False,1,PT00M40.20S
P0148,0042500317,2026-06-01T03:35:05Z,PL_1627327,Foul,2PT,0.0,False,1,PT00M40.20S
P0149,0042500317,2026-06-01T03:35:10Z,PL_145,Instant Replay,2PT,0.0,False,1,PT00M40.20S
P0151,0042500317,2026-06-01T03:35:15Z,PL_1627936,Substitution,2PT,0.0,False,1,PT00M40.20S
P0153,0042500317,2026-06-01T03:35:20Z,PL_1641705,Free Throw,FT,0.0,False,1,PT00M40.20S
P0154,0042500317,2026-06-01T03:35:25Z,PL_1642272,Missed Shot,2PT,2.0,False,1,PT00M22.50S
P0155,0042500317,2026-06-01T03:35:30Z,PL_1610612760,Rebound,2PT,0.0,False,1,PT00M22.50S
P0156,0042500317,2026-06-01T03:35:35Z,PL_1642264,Foul,2PT,0.0,False,1,PT00M22.50S
P0158,0042500317,2026-06-01T03:35:40Z,PL_1642272,Made Shot,3PT,26.0,False,1,PT00M15.80S
P0160,0042500317,2026-06-01T03:35:45Z,PL_1628368,Missed Shot,3PT,0.0,False,1,PT00M03.90S
P0161,0042500317,2026-06-01T03:35:50Z,PL_1641717,Rebound,2PT,0.0,False,1,PT00M00.80S
P0163,0042500317,2026-06-01T03:36:00Z,PL_1610612760,Rebound,2PT,0.0,False,1,PT00M00.10S
P0170,0042500317,2026-06-01T03:36:15Z,PL_1628983,Made Shot,2PT,13.0,False,2,PT11M46.00S
P0172,0042500317,2026-06-01T03:36:20Z,PL_1642844,Made Shot,3PT,27.0,False,2,PT11M27.00S
P0174,0042500317,2026-06-01T03:36:25Z,PL_1627936,Missed Shot,3PT,25.0,False,2,PT11M07.00S
P0175,0042500317,2026-06-01T03:36:30Z,PL_1610612759,Rebound,2PT,0.0,False,2,PT11M07.00S
P0176,0042500317,2026-06-01T03:36:35Z,PL_1628392,Foul,2PT,0.0,False,2,PT11M07.00S
P0178,0042500317,2026-06-01T03:36:40Z,PL_1628983,Substitution,2PT,0.0,False,2,PT11M07.00S
P0180,0042500317,2026-06-01T03:36:45Z,PL_1642264,Missed Shot,3PT,26.0,False,2,PT10M45.00S
P0181,0042500317,2026-06-01T03:36:50Z,PL_1642272,Rebound,2PT,0.0,False,2,PT10M41.00S
P0182,0042500317,2026-06-01T03:36:55Z,PL_1642272,Missed Shot,2PT,11.0,False,2,PT10M20.00S
P0183,0042500317,2026-06-01T03:37:00Z,PL_1610612760,Rebound,2PT,0.0,False,2,PT10M20.00S
P0184,0042500317,2026-06-01T03:37:05Z,PL_1641705,Foul,2PT,0.0,False,2,PT10M20.00S
P0186,0042500317,2026-06-01T03:37:10Z,PL_1628392,Made Shot,2PT,5.0,False,2,PT10M12.00S
P0188,0042500317,2026-06-01T03:37:15Z,PL_203084,Missed Shot,3PT,0.0,False,2,PT09M55.00S
P0189,0042500317,2026-06-01T03:37:20Z,PL_1610612760,Rebound,2PT,0.0,False,2,PT09M55.00S
P0190,0042500317,2026-06-01T03:37:25Z,PL_1630577,Foul,2PT,0.0,False,2,PT09M55.00S
P0193,0042500317,2026-06-01T03:37:30Z,PL_1642264,Substitution,2PT,0.0,False,2,PT09M47.00S
P0194,0042500317,2026-06-01T03:37:35Z,PL_203084,Substitution,2PT,0.0,False,2,PT09M47.00S
P0197,0042500317,2026-06-01T03:37:40Z,PL_1642272,Made Shot,2PT,12.0,False,2,PT09M38.00S
P0198,0042500317,2026-06-01T03:37:45Z,PL_1628368,Made Shot,2PT,4.0,False,2,PT09M23.00S
P0199,0042500317,2026-06-01T03:37:50Z,PL_1628392,Missed Shot,2PT,12.0,False,2,PT09M05.00S
P0200,0042500317,2026-06-01T03:37:55Z,PL_1642844,Rebound,2PT,0.0,False,2,PT09M02.00S
P0201,0042500317,2026-06-01T03:38:00Z,PL_1641705,Made Shot,3PT,27.0,False,2,PT08M58.00S
P0203,0042500317,2026-06-01T03:38:05Z,PL_1610612760,Timeout,2PT,0.0,False,2,PT08M57.00S
P0204,0042500317,2026-06-01T03:38:10Z,PL_1628392,Substitution,2PT,0.0,False,2,PT08M57.00S
P0205,0042500317,2026-06-01T03:38:15Z,PL_1641705,Substitution,2PT,0.0,False,2,PT08M57.00S
P0208,0042500317,2026-06-01T03:38:20Z,PL_1627936,Missed Shot,2PT,4.0,False,2,PT08M32.00S
P0209,0042500317,2026-06-01T03:38:25Z,PL_1631119,Rebound,2PT,0.0,False,2,PT08M30.00S
P0210,0042500317,2026-06-01T03:38:30Z,PL_1631119,Made Shot,2PT,1.0,False,2,PT08M29.00S
P0211,0042500317,2026-06-01T03:38:35Z,PL_1628368,Missed Shot,3PT,27.0,False,2,PT08M10.00S
P0212,0042500317,2026-06-01T03:38:40Z,PL_1641717,Rebound,2PT,0.0,False,2,PT08M07.00S
P0213,0042500317,2026-06-01T03:38:45Z,PL_1641717,Missed Shot,3PT,27.0,False,2,PT07M59.00S
P0214,0042500317,2026-06-01T03:38:50Z,PL_1610612759,Rebound,2PT,0.0,False,2,PT07M59.00S
P0216,0042500317,2026-06-01T03:38:55Z,PL_1642272,Substitution,2PT,0.0,False,2,PT07M59.00S
P0217,0042500317,2026-06-01T03:39:00Z,PL_1630577,Substitution,2PT,0.0,False,2,PT07M59.00S
P0220,0042500317,2026-06-01T03:39:05Z,PL_1642844,Missed Shot,2PT,2.0,False,2,PT07M40.00S
P0220,0042500317,2026-06-01T03:39:10Z,PL_1631096,,2PT,0.0,False,2,PT07M40.00S
P0222,0042500317,2026-06-01T03:39:15Z,PL_1631119,Rebound,2PT,0.0,False,2,PT07M38.00S
P0223,0042500317,2026-06-01T03:39:20Z,PL_1627936,Missed Shot,2PT,2.0,False,2,PT07M33.00S
P0224,0042500317,2026-06-01T03:39:25Z,PL_1642868,Rebound,2PT,0.0,False,2,PT07M31.00S
P0225,0042500317,2026-06-01T03:39:30Z,PL_1642868,Made Shot,2PT,2.0,False,2,PT07M25.00S
P0227,0042500317,2026-06-01T03:39:35Z,PL_1628368,Foul,2PT,0.0,False,2,PT07M15.00S
P0229,0042500317,2026-06-01T03:39:40Z,PL_1628983,Free Throw,FT,0.0,False,2,PT07M15.00S
P0230,0042500317,2026-06-01T03:39:45Z,PL_1610612760,Rebound,2PT,0.0,False,2,PT07M15.00S
P0231,0042500317,2026-06-01T03:39:50Z,PL_1627936,Substitution,2PT,0.0,False,2,PT07M15.00S
P0232,0042500317,2026-06-01T03:39:55Z,PL_1642844,Substitution,2PT,0.0,False,2,PT07M15.00S
P0235,0042500317,2026-06-01T03:40:00Z,PL_1628983,Free Throw,FT,0.0,False,2,PT07M15.00S
P0236,0042500317,2026-06-01T03:40:05Z,PL_1628436,Rebound,2PT,0.0,False,2,PT07M13.00S
P0237,0042500317,2026-06-01T03:40:10Z,PL_1631096,Foul,2PT,0.0,False,2,PT07M02.00S
P0239,0042500317,2026-06-01T03:40:15Z,PL_1628436,Free Throw,FT,0.0,False,2,PT07M02.00S
P0240,0042500317,2026-06-01T03:40:20Z,PL_1628436,Free Throw,FT,0.0,False,2,PT07M02.00S
P0241,0042500317,2026-06-01T03:40:25Z,PL_1628983,Made Shot,3PT,25.0,False,2,PT06M51.00S
P0243,0042500317,2026-06-01T03:40:30Z,PL_1610612759,Timeout,2PT,0.0,False,2,PT06M45.00S
P0244,0042500317,2026-06-01T03:40:35Z,PL_1628436,Substitution,2PT,0.0,False,2,PT06M45.00S
P0245,0042500317,2026-06-01T03:40:40Z,PL_1642868,Substitution,2PT,0.0,False,2,PT06M45.00S
P0248,0042500317,2026-06-01T03:40:45Z,PL_1641705,Missed Shot,2PT,3.0,False,2,PT06M32.00S
P0249,0042500317,2026-06-01T03:40:50Z,PL_1631096,Rebound,2PT,0.0,False,2,PT06M30.00S
P0250,0042500317,2026-06-01T03:40:55Z,PL_1631119,Missed Shot,2PT,13.0,False,2,PT06M20.00S
P0251,0042500317,2026-06-01T03:41:00Z,PL_1610612760,Rebound,2PT,0.0,False,2,PT06M18.00S
P0254,0042500317,2026-06-01T03:41:05Z,PL_1628983,Missed Shot,2PT,15.0,False,2,PT06M11.00S
P0255,0042500317,2026-06-01T03:41:10Z,PL_1631119,Rebound,2PT,0.0,False,2,PT06M08.00S
P0256,0042500317,2026-06-01T03:41:15Z,PL_1628983,Made Shot,2PT,1.0,False,2,PT06M05.00S
P0258,0042500317,2026-06-01T03:41:20Z,PL_1630577,Missed Shot,3PT,28.0,False,2,PT05M50.00S
P0259,0042500317,2026-06-01T03:41:25Z,PL_1631119,Rebound,2PT,0.0,False,2,PT05M49.00S
P0261,0042500317,2026-06-01T03:41:30Z,PL_1630577,Foul,2PT,0.0,False,2,PT05M30.00S
P0263,0042500317,2026-06-01T03:41:35Z,PL_1631096,Free Throw,FT,0.0,False,2,PT05M30.00S
P0264,0042500317,2026-06-01T03:41:40Z,PL_1610612760,Rebound,2PT,0.0,False,2,PT05M30.00S
P0265,0042500317,2026-06-01T03:41:45Z,PL_1628368,Substitution,2PT,0.0,False,2,PT05M30.00S
P0267,0042500317,2026-06-01T03:41:50Z,PL_1631096,Free Throw,FT,0.0,False,2,PT05M30.00S
P0268,0042500317,2026-06-01T03:41:55Z,PL_1642264,Rebound,2PT,0.0,False,2,PT05M28.00S
P0269,0042500317,2026-06-01T03:42:00Z,PL_1631119,Foul,2PT,0.0,False,2,PT05M23.00S
P0271,0042500317,2026-06-01T03:42:05Z,PL_1641717,Substitution,2PT,0.0,False,2,PT05M23.00S
P0273,0042500317,2026-06-01T03:42:10Z,PL_1642264,Missed Shot,2PT,2.0,False,2,PT05M13.00S
P0274,0042500317,2026-06-01T03:42:15Z,PL_1610612760,Rebound,2PT,0.0,False,2,PT05M13.00S
P0276,0042500317,2026-06-01T03:42:20Z,PL_1628983,Made Shot,2PT,18.0,False,2,PT05M02.00S
P0277,0042500317,2026-06-01T03:42:25Z,PL_1630170,Missed Shot,2PT,1.0,False,2,PT04M42.00S
P0278,0042500317,2026-06-01T03:42:30Z,PL_1642264,Rebound,2PT,0.0,False,2,PT04M40.00S
P0279,0042500317,2026-06-01T03:42:35Z,PL_1642264,Made Shot,2PT,2.0,False,2,PT04M39.00S
P0280,0042500317,2026-06-01T03:42:40Z,PL_1631119,Made Shot,2PT,6.0,False,2,PT04M32.00S
P0282,0042500317,2026-06-01T03:42:45Z,PL_1641705,Missed Shot,2PT,8.0,False,2,PT04M14.00S
P0283,0042500317,2026-06-01T03:42:50Z,PL_1642844,Rebound,2PT,0.0,False,2,PT04M12.00S
P0284,0042500317,2026-06-01T03:42:55Z,PL_1641705,Missed Shot,3PT,28.0,False,2,PT04M10.00S
P0285,0042500317,2026-06-01T03:43:00Z,PL_1627936,Rebound,2PT,0.0,False,2,PT04M10.00S
P0286,0042500317,2026-06-01T03:43:05Z,PL_1628983,Made Shot,2PT,15.0,False,2,PT03M50.00S
P0288,0042500317,2026-06-01T03:43:10Z,PL_1641705,Missed Shot,2PT,9.0,False,2,PT03M30.00S
P0289,0042500317,2026-06-01T03:43:15Z,PL_1631119,Rebound,2PT,0.0,False,2,PT03M29.00S
P0290,0042500317,2026-06-01T03:43:20Z,PL_1627936,Turnover,2PT,0.0,False,2,PT03M11.00S
P0290,0042500317,2026-06-01T03:43:25Z,PL_1642264,,2PT,0.0,False,2,PT03M11.00S
P0292,0042500317,2026-06-01T03:43:30Z,PL_1627936,Foul,2PT,0.0,False,2,PT03M09.00S
P0294,0042500317,2026-06-01T03:43:35Z,PL_292,Instant Replay,2PT,0.0,False,2,PT03M09.00S
P0295,0042500317,2026-06-01T03:43:40Z,PL_1642844,Substitution,2PT,0.0,False,2,PT03M09.00S
P0297,0042500317,2026-06-01T03:43:45Z,PL_1642264,Free Throw,FT,0.0,False,2,PT03M09.00S
P0298,0042500317,2026-06-01T03:43:50Z,PL_1630577,Substitution,2PT,0.0,False,2,PT03M09.00S
P0300,0042500317,2026-06-01T03:43:55Z,PL_1642264,Free Throw,FT,0.0,False,2,PT03M09.00S
P0301,0042500317,2026-06-01T03:44:00Z,PL_1631119,Rebound,2PT,0.0,False,2,PT03M07.00S
P0302,0042500317,2026-06-01T03:44:05Z,PL_1628983,Made Shot,2PT,17.0,False,2,PT02M52.00S
P0304,0042500317,2026-06-01T03:44:10Z,PL_1628368,Made Shot,2PT,14.0,False,2,PT02M36.00S
P0305,0042500317,2026-06-01T03:44:15Z,PL_1629652,Missed Shot,2PT,12.0,False,2,PT02M22.00S
P0306,0042500317,2026-06-01T03:44:20Z,PL_1628983,Rebound,2PT,0.0,False,2,PT02M20.00S
P0307,0042500317,2026-06-01T03:44:25Z,PL_1629652,Made Shot,3PT,25.0,False,2,PT02M17.00S
P0309,0042500317,2026-06-01T03:44:30Z,PL_1629640,Missed Shot,3PT,24.0,False,2,PT01M55.00S
P0310,0042500317,2026-06-01T03:44:35Z,PL_1628983,Rebound,2PT,0.0,False,2,PT01M53.00S
P0311,0042500317,2026-06-01T03:44:40Z,PL_1631119,Made Shot,2PT,15.0,False,2,PT01M33.00S
P0313,0042500317,2026-06-01T03:44:45Z,PL_1628368,Turnover,2PT,0.0,False,2,PT01M17.00S
P0313,0042500317,2026-06-01T03:44:50Z,PL_1631096,,2PT,0.0,False,2,PT01M17.00S
P0315,0042500317,2026-06-01T03:44:55Z,PL_1629640,Foul,2PT,0.0,False,2,PT01M17.00S
P0317,0042500317,2026-06-01T03:45:00Z,PL_1631096,Free Throw,FT,0.0,False,2,PT01M17.00S
P0318,0042500317,2026-06-01T03:45:05Z,PL_1631096,Free Throw,FT,0.0,False,2,PT01M17.00S
P0321,0042500317,2026-06-01T03:45:10Z,PL_1628368,Made Shot,3PT,26.0,False,2,PT00M54.30S
P0323,0042500317,2026-06-01T03:45:15Z,PL_1628983,Turnover,2PT,0.0,False,2,PT00M39.50S
P0323,0042500317,2026-06-01T03:45:20Z,PL_1630170,,2PT,0.0,False,2,PT00M39.50S
P0325,0042500317,2026-06-01T03:45:25Z,PL_1642264,Missed Shot,2PT,2.0,False,2,PT00M35.20S
P0325,0042500317,2026-06-01T03:45:30Z,PL_1628983,,2PT,0.0,False,2,PT00M35.20S
P0327,0042500317,2026-06-01T03:45:35Z,PL_1629640,Rebound,2PT,0.0,False,2,PT00M35.20S
P0328,0042500317,2026-06-01T03:45:40Z,PL_1629640,Made Shot,2PT,2.0,False,2,PT00M35.20S
P0329,0042500317,2026-06-01T03:45:45Z,PL_1627936,Missed Shot,2PT,8.0,False,2,PT00M28.60S
P0330,0042500317,2026-06-01T03:45:50Z,PL_1630170,Rebound,2PT,0.0,False,2,PT00M26.70S
P0331,0042500317,2026-06-01T03:45:55Z,PL_1641705,Made Shot,2PT,13.0,False,2,PT00M04.90S
P0333,0042500317,2026-06-01T03:46:00Z,PL_1627936,Missed Shot,3PT,26.0,False,2,PT00M00.20S
P0334,0042500317,2026-06-01T03:46:05Z,PL_1610612760,Rebound,2PT,0.0,False,2,PT00M00.20S
P0341,0042500317,2026-06-01T03:46:20Z,PL_1631119,Missed Shot,3PT,0.0,False,3,PT11M45.00S
P0342,0042500317,2026-06-01T03:46:25Z,PL_1630170,Rebound,2PT,0.0,False,3,PT11M41.00S
P0343,0042500317,2026-06-01T03:46:30Z,PL_1628368,Missed Shot,3PT,0.0,False,3,PT11M25.00S
P0344,0042500317,2026-06-01T03:46:35Z,PL_1627936,Rebound,2PT,0.0,False,3,PT11M21.00S
P0345,0042500317,2026-06-01T03:46:40Z,PL_1627936,Missed Shot,2PT,6.0,False,3,PT11M04.00S
P0346,0042500317,2026-06-01T03:46:45Z,PL_1641705,Rebound,2PT,0.0,False,3,PT11M02.00S
P0348,0042500317,2026-06-01T03:46:50Z,PL_1630170,Made Shot,2PT,9.0,False,3,PT10M51.00S
P0350,0042500317,2026-06-01T03:46:55Z,PL_1631119,Made Shot,2PT,6.0,False,3,PT10M24.00S
P0352,0042500317,2026-06-01T03:47:00Z,PL_1641705,Made Shot,2PT,1.0,False,3,PT10M07.00S
P0354,0042500317,2026-06-01T03:47:05Z,PL_1628983,Missed Shot,2PT,1.0,False,3,PT09M56.00S
P0354,0042500317,2026-06-01T03:47:10Z,PL_1641705,,2PT,0.0,False,3,PT09M56.00S
P0356,0042500317,2026-06-01T03:47:15Z,PL_1610612760,Rebound,2PT,0.0,False,3,PT09M56.00S
P0358,0042500317,2026-06-01T03:47:20Z,PL_1628983,Made Shot,3PT,27.0,False,3,PT09M43.00S
P0359,0042500317,2026-06-01T03:47:25Z,PL_1641705,Missed Shot,2PT,2.0,False,3,PT09M26.00S
P0360,0042500317,2026-06-01T03:47:30Z,PL_1610612760,Rebound,2PT,0.0,False,3,PT09M25.00S
P0362,0042500317,2026-06-01T03:47:35Z,PL_1627936,Made Shot,3PT,26.0,False,3,PT09M10.00S
P0364,0042500317,2026-06-01T03:47:40Z,PL_1642264,Missed Shot,2PT,3.0,False,3,PT08M57.00S
P0364,0042500317,2026-06-01T03:47:45Z,PL_1641717,,2PT,0.0,False,3,PT08M57.00S
P0366,0042500317,2026-06-01T03:47:50Z,PL_1610612760,Rebound,2PT,0.0,False,3,PT08M54.00S
P0368,0042500317,2026-06-01T03:47:55Z,PL_1642264,Foul,2PT,0.0,False,3,PT08M39.00S
P0370,0042500317,2026-06-01T03:48:00Z,PL_1628983,Free Throw,FT,0.0,False,3,PT08M39.00S
P0371,0042500317,2026-06-01T03:48:05Z,PL_1631119,Substitution,2PT,0.0,False,3,PT08M39.00S
P0372,0042500317,2026-06-01T03:48:10Z,PL_1631096,Substitution,2PT,0.0,False,3,PT08M39.00S
P0373,0042500317,2026-06-01T03:48:15Z,PL_1627936,Substitution,2PT,0.0,False,3,PT08M39.00S
P0377,0042500317,2026-06-01T03:48:20Z,PL_1628983,Free Throw,FT,0.0,False,3,PT08M39.00S
P0378,0042500317,2026-06-01T03:48:25Z,PL_1630577,Made Shot,3PT,0.0,False,3,PT08M29.00S
P0380,0042500317,2026-06-01T03:48:30Z,PL_1641717,Turnover,2PT,0.0,False,3,PT08M09.00S
P0380,0042500317,2026-06-01T03:48:35Z,PL_1628368,,2PT,0.0,False,3,PT08M09.00S
P0382,0042500317,2026-06-01T03:48:40Z,PL_1628368,Turnover,2PT,0.0,False,3,PT08M04.00S
P0382,0042500317,2026-06-01T03:48:45Z,PL_1628983,,2PT,0.0,False,3,PT08M04.00S
P0384,0042500317,2026-06-01T03:48:50Z,PL_1610612760,Timeout,2PT,0.0,False,3,PT08M03.00S
P0386,0042500317,2026-06-01T03:48:55Z,PL_1641705,Violation,2PT,0.0,False,3,PT07M50.00S
P0387,0042500317,2026-06-01T03:49:00Z,PL_1628392,Missed Shot,2PT,14.0,False,3,PT07M46.00S
P0388,0042500317,2026-06-01T03:49:05Z,PL_1641705,Rebound,2PT,0.0,False,3,PT07M43.00S
P0389,0042500317,2026-06-01T03:49:10Z,PL_1629652,Foul,2PT,0.0,False,3,PT07M33.00S
P0391,0042500317,2026-06-01T03:49:15Z,PL_1630577,Free Throw,FT,0.0,False,3,PT07M33.00S
P0392,0042500317,2026-06-01T03:49:20Z,PL_1630577,Free Throw,FT,0.0,False,3,PT07M33.00S
P0393,0042500317,2026-06-01T03:49:25Z,PL_1610612759,Rebound,2PT,0.0,False,3,PT07M33.00S
P0394,0042500317,2026-06-01T03:49:30Z,PL_1630577,Free Throw,FT,0.0,False,3,PT07M33.00S
P0395,0042500317,2026-06-01T03:49:35Z,PL_1642272,Foul,2PT,0.0,False,3,PT07M25.00S
P0397,0042500317,2026-06-01T03:49:40Z,PL_1642272,Turnover,2PT,0.0,False,3,PT07M25.00S
P0398,0042500317,2026-06-01T03:49:45Z,PL_1641717,Substitution,2PT,0.0,False,3,PT07M25.00S
P0399,0042500317,2026-06-01T03:49:50Z,PL_1628368,Substitution,2PT,0.0,False,3,PT07M25.00S
P0400,0042500317,2026-06-01T03:49:55Z,PL_1630170,Substitution,2PT,0.0,False,3,PT07M25.00S
P0404,0042500317,2026-06-01T03:50:00Z,PL_1630577,Made Shot,3PT,26.0,False,3,PT07M16.00S
P0406,0042500317,2026-06-01T03:50:05Z,PL_1628983,Made Shot,2PT,13.0,False,3,PT07M04.00S
P0408,0042500317,2026-06-01T03:50:10Z,PL_1629640,Missed Shot,3PT,0.0,False,3,PT06M50.00S
P0409,0042500317,2026-06-01T03:50:15Z,PL_1630577,Rebound,2PT,0.0,False,3,PT06M46.00S
P0410,0042500317,2026-06-01T03:50:20Z,PL_1642844,Made Shot,2PT,18.0,False,3,PT06M34.00S
P0412,0042500317,2026-06-01T03:50:25Z,PL_1627936,Missed Shot,2PT,4.0,False,3,PT06M22.00S
P0413,0042500317,2026-06-01T03:50:30Z,PL_1628392,Rebound,2PT,0.0,False,3,PT06M18.00S
P0414,0042500317,2026-06-01T03:50:35Z,PL_1628392,Missed Shot,2PT,0.0,False,3,PT06M18.00S
P0415,0042500317,2026-06-01T03:50:40Z,PL_1630577,Rebound,2PT,0.0,False,3,PT06M18.00S
P0416,0042500317,2026-06-01T03:50:45Z,PL_1630577,Made Shot,3PT,25.0,False,3,PT06M13.00S
P0418,0042500317,2026-06-01T03:50:50Z,PL_1610612760,Timeout,2PT,0.0,False,3,PT06M12.00S
P0419,0042500317,2026-06-01T03:50:55Z,PL_1642272,Substitution,2PT,0.0,False,3,PT06M12.00S
P0420,0042500317,2026-06-01T03:51:00Z,PL_1628392,Substitution,2PT,0.0,False,3,PT06M12.00S
P0423,0042500317,2026-06-01T03:51:05Z,PL_1627936,Turnover,2PT,0.0,False,3,PT06M04.00S
P0424,0042500317,2026-06-01T03:51:10Z,PL_1629652,Substitution,2PT,0.0,False,3,PT06M04.00S
P0426,0042500317,2026-06-01T03:51:15Z,PL_1631119,Foul,2PT,0.0,False,3,PT05M53.00S
P0428,0042500317,2026-06-01T03:51:20Z,PL_1642264,Foul,2PT,0.0,False,3,PT05M50.00S
P0430,0042500317,2026-06-01T03:51:25Z,PL_1642264,Turnover,2PT,0.0,False,3,PT05M50.00S
P0431,0042500317,2026-06-01T03:51:30Z,PL_1629026,Missed Shot,2PT,7.0,False,3,PT05M28.00S
P0432,0042500317,2026-06-01T03:51:35Z,PL_1641705,Rebound,2PT,0.0,False,3,PT05M26.00S
P0433,0042500317,2026-06-01T03:51:40Z,PL_1641705,Made Shot,3PT,26.0,False,3,PT05M21.00S
P0435,0042500317,2026-06-01T03:51:45Z,PL_1628983,Missed Shot,2PT,8.0,False,3,PT05M03.00S
P0436,0042500317,2026-06-01T03:51:50Z,PL_1610612759,Rebound,2PT,0.0,False,3,PT05M02.00S
P0438,0042500317,2026-06-01T03:51:55Z,PL_1630577,Missed Shot,3PT,26.0,False,3,PT04M52.00S
P0439,0042500317,2026-06-01T03:52:00Z,PL_1631096,Rebound,2PT,0.0,False,3,PT04M48.00S
P0440,0042500317,2026-06-01T03:52:05Z,PL_1642264,Foul,2PT,0.0,False,3,PT04M45.00S
P0442,0042500317,2026-06-01T03:52:10Z,PL_1627936,Free Throw,FT,0.0,False,3,PT04M45.00S
P0443,0042500317,2026-06-01T03:52:15Z,PL_1631096,Substitution,2PT,0.0,False,3,PT04M45.00S
P0444,0042500317,2026-06-01T03:52:20Z,PL_1629026,Substitution,2PT,0.0,False,3,PT04M45.00S
P0445,0042500317,2026-06-01T03:52:25Z,PL_1631119,Substitution,2PT,0.0,False,3,PT04M45.00S
P0446,0042500317,2026-06-01T03:52:30Z,PL_1641705,Substitution,2PT,0.0,False,3,PT04M45.00S
P0447,0042500317,2026-06-01T03:52:35Z,PL_1642264,Substitution,2PT,0.0,False,3,PT04M45.00S
P0448,0042500317,2026-06-01T03:52:40Z,PL_1630577,Substitution,2PT,0.0,False,3,PT04M45.00S
P0455,0042500317,2026-06-01T03:52:45Z,PL_1627936,Free Throw,FT,0.0,False,3,PT04M45.00S
P0456,0042500317,2026-06-01T03:52:50Z,PL_1629640,Missed Shot,2PT,1.0,False,3,PT04M29.00S
P0457,0042500317,2026-06-01T03:52:55Z,PL_1628436,Rebound,2PT,0.0,False,3,PT04M27.00S
P0473,0042500317,2026-06-01T03:53:00Z,PL_1628436,Missed Shot,2PT,1.0,False,3,PT04M27.00S
P0474,0042500317,2026-06-01T03:53:05Z,PL_1628392,Rebound,2PT,0.0,False,3,PT04M26.00S
P0458,0042500317,2026-06-01T03:53:10Z,PL_1628983,Turnover,2PT,0.0,False,3,PT04M22.00S
P0459,0042500317,2026-06-01T03:53:15Z,PL_1628368,Missed Shot,2PT,4.0,False,3,PT04M11.00S
P0460,0042500317,2026-06-01T03:53:20Z,PL_1628436,Rebound,2PT,0.0,False,3,PT04M08.00S
P0461,0042500317,2026-06-01T03:53:25Z,PL_1628436,Missed Shot,2PT,0.0,False,3,PT04M08.00S
P0462,0042500317,2026-06-01T03:53:30Z,PL_1628436,Rebound,2PT,0.0,False,3,PT04M07.00S
P0485,0042500317,2026-06-01T03:53:35Z,PL_1628436,Missed Shot,2PT,1.0,False,3,PT04M07.00S
P0486,0042500317,2026-06-01T03:53:40Z,PL_1610612759,Rebound,2PT,0.0,False,3,PT04M07.00S
P0463,0042500317,2026-06-01T03:53:45Z,PL_1628392,Foul,2PT,0.0,False,3,PT04M07.00S
P0465,0042500317,2026-06-01T03:53:50Z,PL_1630170,Missed Shot,3PT,27.0,False,3,PT04M00.00S
P0466,0042500317,2026-06-01T03:53:55Z,PL_1629640,Rebound,2PT,0.0,False,3,PT03M59.00S
P0467,0042500317,2026-06-01T03:54:00Z,PL_1641717,Foul,2PT,0.0,False,3,PT03M59.00S
P0469,0042500317,2026-06-01T03:54:05Z,PL_1629640,Free Throw,FT,0.0,False,3,PT03M59.00S
P0470,0042500317,2026-06-01T03:54:10Z,PL_1610612759,Rebound,2PT,0.0,False,3,PT03M59.00S
P0471,0042500317,2026-06-01T03:54:15Z,PL_1628436,Substitution,2PT,0.0,False,3,PT03M59.00S
P0475,0042500317,2026-06-01T03:54:20Z,PL_1629640,Free Throw,FT,0.0,False,3,PT03M59.00S
P0476,0042500317,2026-06-01T03:54:25Z,PL_1641705,Foul,2PT,0.0,False,3,PT03M48.00S
P0478,0042500317,2026-06-01T03:54:30Z,PL_1628983,Free Throw,FT,0.0,False,3,PT03M48.00S
P0479,0042500317,2026-06-01T03:54:35Z,PL_1628983,Free Throw,FT,0.0,False,3,PT03M48.00S
P0480,0042500317,2026-06-01T03:54:40Z,PL_1629640,Missed Shot,3PT,26.0,False,3,PT03M36.00S
P0481,0042500317,2026-06-01T03:54:45Z,PL_1641717,Rebound,2PT,0.0,False,3,PT03M32.00S
P0482,0042500317,2026-06-01T03:54:50Z,PL_1630170,Foul,2PT,0.0,False,3,PT03M15.00S
P0484,0042500317,2026-06-01T03:54:55Z,PL_1628983,Free Throw,FT,0.0,False,3,PT03M15.00S
P0487,0042500317,2026-06-01T03:55:00Z,PL_1628983,Free Throw,FT,0.0,False,3,PT03M15.00S
P0488,0042500317,2026-06-01T03:55:05Z,PL_1628983,Free Throw,FT,0.0,False,3,PT03M15.00S
P0489,0042500317,2026-06-01T03:55:10Z,PL_1630170,Missed Shot,2PT,18.0,False,3,PT03M04.00S
P0490,0042500317,2026-06-01T03:55:15Z,PL_1641705,Rebound,2PT,0.0,False,3,PT02M59.00S
P0491,0042500317,2026-06-01T03:55:20Z,PL_1630170,Missed Shot,3PT,26.0,False,3,PT02M58.00S
P0492,0042500317,2026-06-01T03:55:25Z,PL_1630170,Rebound,2PT,0.0,False,3,PT02M53.00S
P0493,0042500317,2026-06-01T03:55:30Z,PL_1641705,Missed Shot,3PT,25.0,False,3,PT02M49.00S
P0494,0042500317,2026-06-01T03:55:35Z,PL_1610612760,Rebound,2PT,0.0,False,3,PT02M46.00S
P0495,0042500317,2026-06-01T03:55:40Z,PL_1629640,Foul,2PT,0.0,False,3,PT02M46.00S
P0497,0042500317,2026-06-01T03:55:45Z,PL_1627936,Free Throw,FT,0.0,False,3,PT02M46.00S
P0498,0042500317,2026-06-01T03:55:50Z,PL_1642844,Substitution,2PT,0.0,False,3,PT02M46.00S
P0499,0042500317,2026-06-01T03:55:55Z,PL_1629640,Substitution,2PT,0.0,False,3,PT02M46.00S
P0502,0042500317,2026-06-01T03:56:00Z,PL_1627936,Free Throw,FT,0.0,False,3,PT02M46.00S
P0503,0042500317,2026-06-01T03:56:05Z,PL_1628368,Made Shot,2PT,3.0,False,3,PT02M29.00S
P0504,0042500317,2026-06-01T03:56:10Z,PL_1628983,Missed Shot,2PT,17.0,False,3,PT02M10.00S
P0505,0042500317,2026-06-01T03:56:15Z,PL_1630170,Rebound,2PT,0.0,False,3,PT02M07.00S
P0510,0042500317,2026-06-01T03:56:20Z,PL_1628368,Missed Shot,2PT,1.0,False,3,PT02M00.00S
P0510,0042500317,2026-06-01T03:56:25Z,PL_1627936,,2PT,0.0,False,3,PT02M00.00S
P0512,0042500317,2026-06-01T03:56:30Z,PL_1610612760,Rebound,2PT,0.0,False,3,PT02M00.00S
P0508,0042500317,2026-06-01T03:56:35Z,PL_1610612760,Timeout,2PT,0.0,False,3,PT02M00.00S
P0509,0042500317,2026-06-01T03:56:40Z,PL_506,Instant Replay,2PT,0.0,False,3,PT02M00.00S
P0513,0042500317,2026-06-01T03:56:45Z,PL_1642272,Substitution,2PT,0.0,False,3,PT02M00.00S
P0514,0042500317,2026-06-01T03:56:50Z,PL_1627936,Substitution,2PT,0.0,False,3,PT02M00.00S
P0515,0042500317,2026-06-01T03:56:55Z,PL_1628392,Substitution,2PT,0.0,False,3,PT02M00.00S
P0519,0042500317,2026-06-01T03:57:00Z,PL_1628983,Missed Shot,2PT,3.0,False,3,PT01M47.00S
P0520,0042500317,2026-06-01T03:57:05Z,PL_1630577,Rebound,2PT,0.0,False,3,PT01M45.00S
P0521,0042500317,2026-06-01T03:57:10Z,PL_1642264,Missed Shot,3PT,0.0,False,3,PT01M33.00S
P0522,0042500317,2026-06-01T03:57:15Z,PL_1631096,Rebound,2PT,0.0,False,3,PT01M31.00S
P0523,0042500317,2026-06-01T03:57:20Z,PL_1631119,Made Shot,3PT,27.0,False,3,PT01M08.00S
P0525,0042500317,2026-06-01T03:57:25Z,PL_1610612759,Timeout,2PT,0.0,False,3,PT01M06.00S
P0526,0042500317,2026-06-01T03:57:30Z,PL_1630170,Missed Shot,3PT,24.0,False,3,PT00M52.20S
P0527,0042500317,2026-06-01T03:57:35Z,PL_1642264,Rebound,2PT,0.0,False,3,PT00M49.30S
P0528,0042500317,2026-06-01T03:57:40Z,PL_1631119,Foul,2PT,0.0,False,3,PT00M48.00S
P0530,0042500317,2026-06-01T03:57:45Z,PL_1641705,Free Throw,FT,0.0,False,3,PT00M48.00S
P0531,0042500317,2026-06-01T03:57:50Z,PL_1631096,Substitution,2PT,0.0,False,3,PT00M48.00S
P0532,0042500317,2026-06-01T03:57:55Z,PL_1642264,Substitution,2PT,0.0,False,3,PT00M48.00S
P0535,0042500317,2026-06-01T03:58:00Z,PL_1641705,Free Throw,FT,0.0,False,3,PT00M48.00S
P0536,0042500317,2026-06-01T03:58:05Z,PL_1629652,Rebound,2PT,0.0,False,3,PT00M46.20S
P0537,0042500317,2026-06-01T03:58:10Z,PL_1641717,Missed Shot,3PT,26.0,False,3,PT00M28.80S
P0538,0042500317,2026-06-01T03:58:15Z,PL_1642844,Rebound,2PT,0.0,False,3,PT00M24.80S
P0539,0042500317,2026-06-01T03:58:20Z,PL_1641705,Missed Shot,2PT,17.0,False,3,PT00M03.10S
P0540,0042500317,2026-06-01T03:58:25Z,PL_1641717,Rebound,2PT,0.0,False,3,PT00M03.10S
P0542,0042500317,2026-06-01T03:58:35Z,PL_1610612760,Rebound,2PT,0.0,False,3,PT00M00.10S
P0551,0042500317,2026-06-01T03:58:50Z,PL_1631096,Foul,2PT,0.0,False,4,PT11M41.00S
P0553,0042500317,2026-06-01T03:58:55Z,PL_1641705,Free Throw,FT,0.0,False,4,PT11M41.00S
P0554,0042500317,2026-06-01T03:59:00Z,PL_1610612759,Rebound,2PT,0.0,False,4,PT11M41.00S
P0555,0042500317,2026-06-01T03:59:05Z,PL_1641705,Free Throw,FT,0.0,False,4,PT11M41.00S
P0556,0042500317,2026-06-01T03:59:10Z,PL_1642272,Made Shot,2PT,15.0,False,4,PT11M30.00S
P0558,0042500317,2026-06-01T03:59:15Z,PL_1629640,Made Shot,3PT,25.0,False,4,PT11M06.00S
P0560,0042500317,2026-06-01T03:59:20Z,PL_1641717,Made Shot,3PT,24.0,False,4,PT10M53.00S
P0562,0042500317,2026-06-01T03:59:25Z,PL_1630577,Missed Shot,3PT,26.0,False,4,PT10M39.00S
P0563,0042500317,2026-06-01T03:59:30Z,PL_1642844,Rebound,2PT,0.0,False,4,PT10M36.00S
P0564,0042500317,2026-06-01T03:59:35Z,PL_1629640,Made Shot,3PT,0.0,False,4,PT10M33.00S
P0566,0042500317,2026-06-01T03:59:40Z,PL_1642272,Missed Shot,3PT,0.0,False,4,PT10M07.00S
P0567,0042500317,2026-06-01T03:59:45Z,PL_1610612760,Rebound,2PT,0.0,False,4,PT10M06.00S
P0568,0042500317,2026-06-01T03:59:50Z,PL_1610612760,Turnover,2PT,0.0,False,4,PT10M06.00S
P0569,0042500317,2026-06-01T03:59:55Z,PL_1642272,Substitution,2PT,0.0,False,4,PT10M06.00S
P0571,0042500317,2026-06-01T04:00:00Z,PL_1631119,Foul,2PT,0.0,False,4,PT09M52.00S
P0573,0042500317,2026-06-01T04:00:05Z,PL_1641705,Free Throw,FT,0.0,False,4,PT09M52.00S
P0574,0042500317,2026-06-01T04:00:10Z,PL_1641705,Free Throw,FT,0.0,False,4,PT09M52.00S
P0575,0042500317,2026-06-01T04:00:15Z,PL_1641705,Foul,2PT,0.0,False,4,PT09M44.00S
P0577,0042500317,2026-06-01T04:00:20Z,PL_1627936,Free Throw,FT,0.0,False,4,PT09M44.00S
P0578,0042500317,2026-06-01T04:00:25Z,PL_1610612760,Rebound,2PT,0.0,False,4,PT09M44.00S
P0579,0042500317,2026-06-01T04:00:30Z,PL_1627936,Free Throw,FT,0.0,False,4,PT09M44.00S
P0580,0042500317,2026-06-01T04:00:35Z,PL_1628368,Made Shot,3PT,25.0,False,4,PT09M30.00S
P0581,0042500317,2026-06-01T04:00:40Z,PL_1641717,Made Shot,3PT,26.0,False,4,PT09M07.00S
P0583,0042500317,2026-06-01T04:00:45Z,PL_1641705,Made Shot,3PT,26.0,False,4,PT08M43.00S
P0584,0042500317,2026-06-01T04:00:50Z,PL_1628983,Missed Shot,3PT,26.0,False,4,PT08M31.00S
P0585,0042500317,2026-06-01T04:00:55Z,PL_1630577,Rebound,2PT,0.0,False,4,PT08M27.00S
P0586,0042500317,2026-06-01T04:01:00Z,PL_1642844,Missed Shot,3PT,24.0,False,4,PT08M16.00S
P0587,0042500317,2026-06-01T04:01:05Z,PL_1641717,Rebound,2PT,0.0,False,4,PT08M12.00S
P0588,0042500317,2026-06-01T04:01:10Z,PL_1627936,Missed Shot,2PT,3.0,False,4,PT08M08.00S
P0589,0042500317,2026-06-01T04:01:15Z,PL_1642844,Rebound,2PT,0.0,False,4,PT08M04.00S
P0590,0042500317,2026-06-01T04:01:20Z,PL_1629640,Made Shot,2PT,2.0,False,4,PT08M00.00S
P0592,0042500317,2026-06-01T04:01:25Z,PL_1610612760,Timeout,2PT,0.0,False,4,PT08M00.00S
P0593,0042500317,2026-06-01T04:01:30Z,PL_1631119,Substitution,2PT,0.0,False,4,PT08M00.00S
P0594,0042500317,2026-06-01T04:01:35Z,PL_1631096,Substitution,2PT,0.0,False,4,PT08M00.00S
P0595,0042500317,2026-06-01T04:01:40Z,PL_1642844,Substitution,2PT,0.0,False,4,PT08M00.00S
P0596,0042500317,2026-06-01T04:01:45Z,PL_1630577,Substitution,2PT,0.0,False,4,PT08M00.00S
P0601,0042500317,2026-06-01T04:01:50Z,PL_1628392,Made Shot,2PT,2.0,False,4,PT07M50.00S
P0603,0042500317,2026-06-01T04:01:55Z,PL_1641705,Foul,2PT,0.0,False,4,PT07M50.00S
P0605,0042500317,2026-06-01T04:02:00Z,PL_1628392,Free Throw,FT,0.0,False,4,PT07M50.00S
P0606,0042500317,2026-06-01T04:02:05Z,PL_1628368,Missed Shot,3PT,25.0,False,4,PT07M35.00S
P0607,0042500317,2026-06-01T04:02:10Z,PL_1627936,Rebound,2PT,0.0,False,4,PT07M33.00S
P0608,0042500317,2026-06-01T04:02:15Z,PL_1642272,Missed Shot,3PT,0.0,False,4,PT07M23.00S
P0609,0042500317,2026-06-01T04:02:20Z,PL_1629640,Rebound,2PT,0.0,False,4,PT07M21.00S
P0610,0042500317,2026-06-01T04:02:25Z,PL_1630170,Missed Shot,2PT,13.0,False,4,PT07M02.00S
P0611,0042500317,2026-06-01T04:02:30Z,PL_1627936,Rebound,2PT,0.0,False,4,PT06M59.00S
P0612,0042500317,2026-06-01T04:02:35Z,PL_1628983,Made Shot,2PT,14.0,False,4,PT06M49.00S
P0613,0042500317,2026-06-01T04:02:40Z,PL_1610612759,Timeout,2PT,0.0,False,4,PT06M48.00S
P0614,0042500317,2026-06-01T04:02:45Z,PL_1641705,Substitution,2PT,0.0,False,4,PT06M48.00S
P0615,0042500317,2026-06-01T04:02:50Z,PL_1629640,Substitution,2PT,0.0,False,4,PT06M48.00S
P0616,0042500317,2026-06-01T04:02:55Z,PL_1628368,Substitution,2PT,0.0,False,4,PT06M48.00S
P0620,0042500317,2026-06-01T04:03:00Z,PL_1642844,Turnover,2PT,0.0,False,4,PT06M34.00S
P0620,0042500317,2026-06-01T04:03:05Z,PL_1628392,,2PT,0.0,False,4,PT06M34.00S
P0622,0042500317,2026-06-01T04:03:10Z,PL_1628392,Missed Shot,2PT,2.0,False,4,PT06M31.00S
P0622,0042500317,2026-06-01T04:03:15Z,PL_1628436,,2PT,0.0,False,4,PT06M31.00S
P0624,0042500317,2026-06-01T04:03:20Z,PL_1642844,Rebound,2PT,0.0,False,4,PT06M28.00S
P0625,0042500317,2026-06-01T04:03:25Z,PL_1642264,Made Shot,2PT,15.0,False,4,PT06M13.00S
P0626,0042500317,2026-06-01T04:03:30Z,PL_1641717,Turnover,2PT,0.0,False,4,PT05M49.00S
P0627,0042500317,2026-06-01T04:03:35Z,PL_1628436,Substitution,2PT,0.0,False,4,PT05M49.00S
P0629,0042500317,2026-06-01T04:03:40Z,PL_1630577,Made Shot,3PT,25.0,False,4,PT05M33.00S
P0631,0042500317,2026-06-01T04:03:45Z,PL_1627936,Made Shot,2PT,7.0,False,4,PT05M16.00S
P0633,0042500317,2026-06-01T04:03:50Z,PL_1642844,Turnover,2PT,0.0,False,4,PT04M49.00S
P0633,0042500317,2026-06-01T04:03:55Z,PL_1628983,,2PT,0.0,False,4,PT04M49.00S
P0635,0042500317,2026-06-01T04:04:00Z,PL_1642272,Missed Shot,3PT,0.0,False,4,PT04M44.00S
P0636,0042500317,2026-06-01T04:04:05Z,PL_1630577,Rebound,2PT,0.0,False,4,PT04M42.00S
P0637,0042500317,2026-06-01T04:04:10Z,PL_1630577,Missed Shot,3PT,25.0,False,4,PT04M29.00S
P0638,0042500317,2026-06-01T04:04:15Z,PL_1642844,Rebound,2PT,0.0,False,4,PT04M26.00S
P0639,0042500317,2026-06-01T04:04:20Z,PL_1642844,Made Shot,2PT,0.0,False,4,PT04M26.00S
P0640,0042500317,2026-06-01T04:04:25Z,PL_1610612760,Timeout,2PT,0.0,False,4,PT04M26.00S
P0641,0042500317,2026-06-01T04:04:30Z,PL_1642272,Substitution,2PT,0.0,False,4,PT04M26.00S
P0642,0042500317,2026-06-01T04:04:35Z,PL_1628392,Substitution,2PT,0.0,False,4,PT04M26.00S
P0643,0042500317,2026-06-01T04:04:40Z,PL_1642264,Substitution,2PT,0.0,False,4,PT04M26.00S
P0647,0042500317,2026-06-01T04:04:45Z,PL_1628983,Made Shot,2PT,21.0,False,4,PT04M09.00S
P0648,0042500317,2026-06-01T04:04:50Z,PL_1610612759,Timeout,2PT,0.0,False,4,PT04M06.00S
P0649,0042500317,2026-06-01T04:04:55Z,PL_1630170,Substitution,2PT,0.0,False,4,PT04M06.00S
P0651,0042500317,2026-06-01T04:05:00Z,PL_1642844,Made Shot,3PT,27.0,False,4,PT03M46.00S
P0652,0042500317,2026-06-01T04:05:05Z,PL_1641717,Made Shot,3PT,0.0,False,4,PT03M26.00S
P0674,0042500317,2026-06-01T04:05:10Z,PL_1642264,Turnover,2PT,0.0,False,4,PT02M57.00S
P0674,0042500317,2026-06-01T04:05:15Z,PL_1641717,,2PT,0.0,False,4,PT02M57.00S
P0657,0042500317,2026-06-01T04:05:20Z,PL_1631119,Missed Shot,2PT,19.0,False,4,PT02M34.00S
P0658,0042500317,2026-06-01T04:05:25Z,PL_1610612759,Rebound,2PT,0.0,False,4,PT02M31.00S
P0660,0042500317,2026-06-01T04:05:30Z,PL_1642844,Missed Shot,2PT,2.0,False,4,PT02M16.00S
P0660,0042500317,2026-06-01T04:05:35Z,PL_1631096,,2PT,0.0,False,4,PT02M16.00S
P0662,0042500317,2026-06-01T04:05:40Z,PL_1631119,Rebound,2PT,0.0,False,4,PT02M13.00S
P0663,0042500317,2026-06-01T04:05:45Z,PL_1641717,Made Shot,3PT,26.0,False,4,PT02M02.00S
P0665,0042500317,2026-06-01T04:05:50Z,PL_1642264,Turnover,2PT,0.0,False,4,PT01M36.00S
P0665,0042500317,2026-06-01T04:05:55Z,PL_1631096,,2PT,0.0,False,4,PT01M36.00S
P0667,0042500317,2026-06-01T04:06:00Z,PL_1628983,Missed Shot,3PT,27.0,False,4,PT01M25.00S
P0669,0042500317,2026-06-01T04:06:05Z,PL_1610612759,Rebound,2PT,0.0,False,4,PT01M23.00S
P0670,0042500317,2026-06-01T04:06:10Z,PL_1642844,Substitution,2PT,0.0,False,4,PT01M23.00S
P0672,0042500317,2026-06-01T04:06:15Z,PL_1631096,Substitution,2PT,0.0,False,4,PT01M23.00S
P0676,0042500317,2026-06-01T04:06:20Z,PL_1630577,Missed Shot,2PT,20.0,False,4,PT01M01.00S
P0677,0042500317,2026-06-01T04:06:25Z,PL_1642264,Rebound,2PT,0.0,False,4,PT00M59.10S
P0678,0042500317,2026-06-01T04:06:30Z,PL_1642264,Made Shot,2PT,2.0,False,4,PT00M59.10S
P0679,0042500317,2026-06-01T04:06:35Z,PL_1641717,Made Shot,2PT,5.0,False,4,PT00M52.90S
P0680,0042500317,2026-06-01T04:06:40Z,PL_1610612759,Timeout,2PT,0.0,False,4,PT00M42.90S
P0681,0042500317,2026-06-01T04:06:45Z,PL_1631119,Substitution,2PT,0.0,False,4,PT00M42.90S
P0682,0042500317,2026-06-01T04:06:50Z,PL_1642272,Substitution,2PT,0.0,False,4,PT00M42.90S
P0683,0042500317,2026-06-01T04:06:55Z,PL_1630577,Substitution,2PT,0.0,False,4,PT00M42.90S
P0687,0042500317,2026-06-01T04:07:00Z,PL_1642264,Turnover,2PT,0.0,False,4,PT00M40.10S
P0687,0042500317,2026-06-01T04:07:05Z,PL_1641717,,2PT,0.0,False,4,PT00M40.10S
P0689,0042500317,2026-06-01T04:07:10Z,PL_1629026,Missed Shot,3PT,0.0,False,4,PT00M28.40S
P0690,0042500317,2026-06-01T04:07:15Z,PL_1642264,Rebound,2PT,0.0,False,4,PT00M22.30S
P0691,0042500317,2026-06-01T04:07:20Z,PL_1642264,Turnover,2PT,0.0,False,4,PT00M22.30S
P0691,0042500317,2026-06-01T04:07:25Z,PL_1628983,,2PT,0.0,False,4,PT00M22.30S
P0693,0042500317,2026-06-01T04:07:30Z,PL_1628368,Foul,2PT,0.0,False,4,PT00M22.30S
P0695,0042500317,2026-06-01T04:07:35Z,PL_1629652,Substitution,2PT,0.0,False,4,PT00M22.30S
P0696,0042500317,2026-06-01T04:07:40Z,PL_1629026,Substitution,2PT,0.0,False,4,PT00M22.30S
P0697,0042500317,2026-06-01T04:07:45Z,PL_1642844,Substitution,2PT,0.0,False,4,PT00M22.30S
P0701,0042500317,2026-06-01T04:07:50Z,PL_1627936,Missed Shot,3PT,27.0,False,4,PT00M18.20S
P0702,0042500317,2026-06-01T04:07:55Z,PL_1610612760,Rebound,2PT,0.0,False,4,PT00M17.10S
P0704,0042500317,2026-06-01T04:08:00Z,PL_1641717,Missed Shot,3PT,29.0,False,4,PT00M12.50S
P0705,0042500317,2026-06-01T04:08:05Z,PL_1630577,Rebound,2PT,0.0,False,4,PT00M08.40S
P0706,0042500317,2026-06-01T04:08:10Z,PL_1630170,Made Shot,2PT,1.0,False,4,PT00M04.10S
